번호,도서명,저자,출판사,발행년도,ISBN,세트 ISBN,부가기호,권,주제분류번호,도서권수,대출건수,등록일자,
"1","북한산 역사 회복","호사카 유지","봄이아트북스","2022","9791166154386","","","","911.6","1","1","2022-06-10",
"2","(매일매일 두뇌 트레이닝) 간단 종이접기 대백과","주부의벗사 편집부 저;김수연 옮김","아르고나인","2011","9788997227099","","","","634.9","1","0","2022-03-30",
"3","(Usborne)똥은 어디로 갈까요?:호기심 퐁퐁 플랩북 우리 아이의 첫 번째 질문과 답","케이티 데이니스 지음;댄 테일러 그림;신인수 옮김","","2021","9791190183871","","7","","491.44","1","5","2021-10-26",
"4","질투 나서 속상해!","기슬렌 뒬리에 글;베랑제르 들라포르트 그림;정순 옮김","나무말미","2021","9791191827002","","7","4","863","1","5","2021-10-26",
"5","슬픔을 치료해 주는 비밀 책","캐린 케이츠 글;웬디 앤더슨 핼퍼린 그림;이상희 옮김","봄봄출판사","2021","9791188909834","","7","","843","1","3","2021-10-26",
"6","꽁꽁꽁 좀비","윤정주 지음","책읽는곰","2021","9791158362478","","7","","813.8","1","11","2021-10-26",
"7","모두가 사랑하는 성경 이야기","마이클 벨호프 글;니나 데 폴로니아-닐 그림;유소희 옮김","기독교문서선교회(CLC)","2021","9788934122876","","7","","233","1","3","2021-10-26",
"8","(읽으면서 바로 써먹는)어린이 신체 관용구","한날 지음","파란정원","2021","9791158681999","","7","","714","1","13","2021-10-26",
"9","열두 살 장래 희망","박성우 지음;홍그림 그림","창비","2021","9788936448035","","7","","326.24","1","10","2021-10-26",
"10","세금 내는 아이들:어린이를 위한 경제 교육 동화","옥효진 글;김미연 그림","한국경제신문","2021","9788947547260","","7","","320.4","1","2","2021-10-26",
"11","(어린이를 위한)미래 수업","이정호 글;김잔디 그림","푸른날개","2021","9788965592624","","7","","331.54","1","3","2021-10-26",
"12","이토록 공부가 재미있어지는 순간:공부에 지친 청소년들을 위한 힐링 에세이","박성혁 지음","다산북스","2015","9791130604626","","1","","373","1","5","2021-10-26",
"13","페인트:이희영 장편소설","이희영 지음","창비","2019","9788936456894","","4","","813.6","1","6","2021-10-26",
"14","오케팅:특별하지 않아도 누구나 5% 부자가 되는 전략","오두환 지음","대한출판사","2021","9791197220586","","0","","326.16","1","1","2021-10-26",
"15","미래의 부:인공지능 시대,돈은 어떤 모습으로 다가오는가","이지성 지음","차이정원","2021","9791191360196","","0","","321.97","1","1","2021-10-26",
"16","평강공주:최사규 장편소설","최사규 지음","미래인(미래M&B,미래엠앤비)","2021","9788983949080","","0","2","813.6","1","0","2021-10-26",
"17","평강공주:최사규 장편소설","최사규 지음","미래인(미래M&B,미래엠앤비)","2021","9788983949073","","0","1","813.6","1","0","2021-10-26",
"18","찰스 다윈","마리아 이사벨 산체스 베가라 글;마크 호프만 그림;박소연 옮김","달리","2021","9788959984237","","7","16","990.8","1","3","2021-04-13",
"19","존 레논","마리아 이사벨 산체스 베가라 글;옥타비아 브로멜 그림;박소연 옮김","달리","2021","9788959984244","","7","17","990.8","1","2","2021-04-13",
"20","불꽃머리를 펼쳐라","이연 지음","한솔수북","2020","9791170286929","","7","","813.8","1","5","2021-04-13",
"21","눈보라","강경수 [지음]","창비","2021","9788936455606","","7","","813.8","1","3","2021-04-13",
"22","내가 여기에 있어","아드리앵 파를랑주 지음;이세진 옮김","웅진주니어","2020","9788901245683","","7","","863","1","2","2021-04-13",
"23","공룡이 왔다","박주현 지음","노란상상","2021","9791188867912","","7","","813.8","1","5","2021-04-13",
"24","신기한 미술관","수잔나 베일리 지음;니아 굴드 그림;뮤지엄교육연구소 옮김","달공","2021","9791197325403","","7","","601.3","1","2","2021-04-13",
"25","(아이와 함께 즐거운 그림 그리기! 유아부터 초등생까지)세상에서 제일 간단한 그림 그리기","코너스샤인 지음","마음상자","2021","9791156351566","","","2","657.5","1","4","2021-04-13",
"26","우주에서 바닷속까지 똑똑한 모험책:우주에서 깊은 바닷속까지 구석구석 지구를 살피자","수산나 베일리 글;파울라 보시오 그림;이은경 옮김","풀과바람(영교출판)","2021","9788983898890","","7","","691","1","4","2021-04-13",
"27","손을 씻어요!","매트 카 지음;김아림 옮김","그린북","2020","9788955889543","","7","","843","1","1","2021-04-13",
"28","똥이랑 바라바빠","홍원표 지음","아이휴먼","2020","9791165382728","","7","","511","1","1","2021-04-13",
"29","한 권으로 남은 정조의 한글 편지","황은주 글;한수언 그림","책상자","2021","9791196972202","","7","","813.8","1","1","2021-04-13",
"30","조선 시대 양반들은 어떻게 살았을까?:평생도 그림여행","박수현 지음","키다리","2021","9791157853557","","7","","911.05","1","6","2021-04-13",
"31","절대 열어 보지마! 슬라이미","샤를로테 하버작 글;프레데릭 베르트란트 그림;고영아 옮김","한솔수북","2021","9791170287209","","7","","853","1","1","2021-04-13",
"32","돌아온 유튜브 스타 금은동","임지형 글;정용환 그림","국민서관","2021","9788911128440","","7","","813.8","1","1","2021-04-13",
"33","국립 어른 초등학교","이지훈 글;정용환 그림","거북이북스","2020","9788966073641","","7","","813.8","1","1","2021-04-13",
"34","가시 소년","권자경 글;하완 그림","천개의바람","2021","9791165731335","","7","","813.8","1","5","2021-04-13",
"35","왠지 이상한 스포츠의 비밀","오구마 나오토,오오제키 나오키 [공] 지음;허영은 옮김","봄나무","2021","9791156131519","","7","","692","1","0","2021-04-13",
"36","사춘기 처방전:사춘기 A부터 Z까지 언니들이 알려 주마!","아다 누치 글;메그 헌트 그림;이윤진 옮김","책읽는곰","2021","9791158362171","","7","","598.55","1","1","2021-04-13",
"37","코로나 탐구 생활:생활 습관부터 지구 환경까지","폴 드 리브롱,최재천 [공] 글;마르그리트 드 리브롱 그림;곽노경 옮김","북멘토(도서출판)","2021","9788963193946","","7","","513.97","1","0","2021-04-13",
"38","봉쭌TV, 가짜 뉴스를 조심해!","윤선아 글;국민지 그림","위즈덤하우스","2021","9788962472394","","7","","070","1","6","2021-04-13",
"39","동물이 좋다면 이런 직업!","스티브 마틴 글;로베르토 블레파리 그림;김여진 옮김","한솔수북","2021","9791170287216","","7","","336.24","1","2","2021-04-13",
"40","도시는 어떻게 만들까?","이사벨 오터 글;해리 우드게이트 그림;김은하 옮김","찰리북","2021","9791164520244","","7","","539.7","1","1","2021-04-13",
"41","(퀴즈!)과학상식","도기성 지음","글송이","2020","9791170185833","","7","83","408","1","2","2021-04-13",
"42","메트로폴리스:인간의 가장 위대한 발명품, 도시의 역사로 보는 인류문명사","벤 윌슨 지음;박수철 옮김","매일경제신문사","2021","9791164842254","","0","","909","1","0","2021-04-13",
"43","어떤 죽음이 삶에게 말했다:생의 남은 시간이 우리에게 들려주는 것","김범석 지음","흐름출판","2021","9788965964230","","0","","818","1","3","2021-04-13",
"44","페테르부르크, 막이 오른다","김주연 지음;김병진 그림","파롤앤","2021","9791197317316","","0","","609","1","0","2021-04-13",
"45","식사가 최고의 투자입니다:하버드에서 배운 세계 최강의 식사 기술","미쓰오 다다시 지음;최화연 옮김","북라이프","2021","9791191013108","","1","","512.54","1","0","2021-04-13",
"46","제프 베조스, 발명과 방황:어린 시절부터 아마존을 거쳐 블루 오리진까지","제프 베조스 지음;이영래 옮김","위즈덤하우스","2021","9791191425581","","0","","325.04","1","0","2021-04-13",
"47","마지막 몰입:나를 넘어서는 힘","짐 퀵 지음;김미정 옮김","비즈니스북스","2021","9791162541968","","0","","325.04","1","9","2021-04-13",
"48","(강흥보의)ETF 투자 특강:왕초보부터 초고수까지 수억을 내는 투자의 정석","강흥보 지음","한즈미디어(한스미디어)","2021","9791160075724","","1","","327.856","1","8","2021-04-13",
"49","서대문형무소 : 35만명의 절규, 한국의 아우슈비츠","송종훈","19세기발전소","2019","9791196661724","","","","911.06","1","1","2021-01-05",
"50","괜찮아, 우리 모두 처음이야!","이주희 지음;이주희 그림","개암나무","2020","9788968305696","","7","","813.8","1","4","2020-10-23",
"51","두 발을 담그고:조미자 그림책","조미자 지음","핑거","2020","9791196780432","","7","","813.8","1","0","2020-10-23",
"52","삼거리 버스 정류장","여주비 지음","걸음동무","2020","9791187043522","","7","","813.8","1","2","2020-10-23",
"53","사자도 가끔은","허아성 지음","길벗어린이","2020","9788955825558","","7","","813.8","1","2","2020-10-23",
"54","넌 중요해","크리스티안 로빈슨 지음;신형건 옮김","보물창고","2020","9788961707718","","7","","843","1","3","2020-10-23",
"55","바다에서 M","요안나 콘세이요 지음;이지원 옮김","사계절","2020","9791160946741","","7","","883","1","0","2020-10-23",
"56","뭉게뭉게 구름을 잡으면","미카엘 에스코피에 글;크리스 디 지아코모 그림;정순 옮김","나는별","2020","9791188574148","","7","","863","1","2","2020-10-23",
"57","아름다운 딱따구리를 보았습니다","미하우 스키빈스키 지음;알라 반크로프트 그림;이지원 옮김","사계절","2020","9791160945393","","7","","892.95","1","0","2020-10-23",
"58","바람 부는 밤에:김병남 글 없는 그림책","김병남 지음","어린이작가정신","2020","9791160267099","","7","","813.8","1","0","2020-10-23",
"59","내가 살고 싶은 집:코알라 다방 그림책","코알라 다방 지음","북극곰","2020","9791165880170","","7","","813.8","1","2","2020-10-23",
"60","당근 유치원:안녕달 그림책","안녕달 지음","창비","2020","9788936455484","","7","","813.8","1","6","2020-10-23",
"61","오물오물 풀 먹는 동물","에버랜드 동물원 글;윤보원 그림","시공주니어","2020","9791165791032","","7","","490","1","2","2020-10-23",
"62","뉴 키드","제리 크래프트 지음;조고은 옮김","보물창고","2020","9788961707596","","7","","843","1","3","2020-10-23",
"63","내 꿈은 조퇴:배지영 동화집","배지영 지음;박현주 그림","창비","2020","9788936414146","","7","","813.8","1","2","2020-10-23",
"64","고양이 해결사 깜냥","홍민정 지음;김재희 그림","창비","2020","9788936447694","9788936447700","7","1","813.8","1","7","2020-10-23",
"65","전설의 보물지도","박현숙 글;지우 그림","킨더랜드(킨더주니어)","2020","9788956188430","","7","","813.8","1","0","2020-10-23",
"66","고무줄은 내 거야","요시타케 신스케 글.그림;유문조 옮김","위즈덤하우스","2020","9788962472127","","7","","833.8","1","4","2020-10-23",
"67","키드 스파이","맥 바넷 글;마이크 로워리 그림;이재원 옮김","시공주니어","2020","9791165790691","9788952764843","7","1","843","1","3","2020-10-23",
"68","색이 변하는 아이가 있었다","김영경 지음","노란상상","2020","9791188867523","","7","","813.8","1","1","2020-10-23",
"69","공포의 구구단","미우 지음","다림","2020","9788961772402","","7","","813.8","1","3","2020-10-23",
"70","멋지다!","쓰쓰이 도모미 글;요시타케 신스케 그림;김숙 옮김","북뱅크","2020","9788966351176","","7","","833.8","1","1","2020-10-23",
"71","나의 작고 커다란 아빠","마리 칸스타 욘센 지음;손화수 옮김","책빛","2020","9788962193121","","7","","859.82","1","2","2020-10-23",
"72","오리 돌멩이 오리","이안 지음;정진호 그림","문학동네","2020","9788954670715","","7","","811.8","1","0","2020-10-23",
"73","(팩트 체크!)킁킁할매귀신과 사라진 고양이들","제성은 글;이은지 그림","아르볼","2020","9791162040904","","7","","813.8","1","4","2020-10-23",
"74","귤의 맛:조남주 장편소설","조남주 지음","문학동네","2020","9788954671989","","0","","813.6","1","1","2020-10-23",
"75","팬데믹 시대를 살아갈 10대, 어떻게 할까?:인류를 팬데믹으로 몰아넣는 위험 요인에 대한 모든 것","코니 골드스미스 글;김아림 옮김","오유아이","2020","9791157820900","","4","","475","1","1","2020-10-23",
"76","친구에게:떨어져 있어도 가까운 마음으로 그리움 담아 전하는 글","이해인 지음;이규태 그림","샘터","2020","9788946473324","","0","","818","1","0","2020-10-23",
"77","철도원 삼대:황석영 장편소설","황석영 지음","창비","2020","9788936434434","","0","","813.6","1","0","2020-10-23",
"78","내가 말하고 있잖아:정용준 장편소설","정용준 지음","민음사","2020","9788937473289","","0","","813.6","1","0","2020-10-23",
"79","화이트 호스:강화길 소설","강화길 지음","문학동네","2020","9788954672221","","0","","813.6","1","1","2020-10-23",
"80","기억:베르나르 베르베르 장편소설","베르나르 베르베르 지음;전미연 옮김","열린책들","2020","9788932920344","9788932920320","0","2","863","1","1","2020-10-23",
"81","기억:베르나르 베르베르 장편소설","베르나르 베르베르 지음;전미연 옮김","열린책들","2020","9788932920337","9788932920320","0","1","863","1","1","2020-10-23",
"82","보물섬:영웅들의 섬:신도 준조 장편소설","신도 준조 지음;이규원 옮김","양철북","2020","9788963723242","","0","","833.6","1","0","2020-10-23",
"83","나의 할머니에게","윤성희;강화길;백수린;손보미;최은미;손원평 [공]지음","다산북스","2020","9791130629612","","0","","813.6","1","1","2020-10-23",
"84","(나를 숨 쉬게 하는)보통의 언어들","김이나 지음","위즈덤하우스","2020","9791190786355","","0","","818","1","1","2020-10-23",
"85","(끝없는 집안일을 반으로 줄이는)하루 10분 꼼수 살림법","김영은 지음","청림출판","2020","9791188700622","","1","","591","1","3","2020-10-23",
"86","이 약 먹어도 될까요:약국보다 더 친절한 약 성분 설명서","권예리 글","다른","2020","9791156332909","","1","","518.13","1","0","2020-10-23",
"87","노화의 종말:하버드 의대 수명 혁명 프로젝트","데이비드 A. 싱클레어;매슈 D. 러플랜트 [공]지음;이한음 옮김","부키","2020","9788960518025","","0","","511.1689","1","0","2020-10-23",
"88","창조력 코드:인공 지능은 왜 바흐의 음악을 듣는가?","마커스 드 사토이 지음;박유진 옮김","북라이프","2020","9791188850945","","0","","004.73","1","0","2020-10-23",
"89","두 번째 지구는 없다","타일러 라쉬 지음","알에이치코리아(RHK)","2020","9788925556253","","0","","539.9","1","2","2020-10-23",
"90","주식의 쓸모:매월 10만원으로 12억 만드는 투자 시크릿","앤드류 할램 지음;이광희 옮김","시목(始木)","2020","9791190224475","","1","","327.856","1","2","2020-10-23",
"91","우리의 불행은 당연하지 않습니다:대한민국의 불편한 진실을 직시하다","김누리 지음","해냄","2020","9788965749899","","0","","330.911","1","1","2020-10-23",
"92","사람에 대한 예의","권석천 지음","어크로스","2020","9791190030519","","0","","330.911","1","1","2020-10-23",
"93","매우 예민한 사람들을 위한 책:뇌과학과 정신의학이 들려주는 당신 마음에 대한 이야기","전홍진 지음","글항아리","2020","9788967358020","","0","","182.12","1","3","2020-10-23",
"94","인생의 태도:행복한 이기주의자로 평생 살아보니 알게 된 것들","웨인 다이어 지음;이한이 옮김","길벗","2020","9791165211653","","0","","191.6","1","1","2020-10-23",
"95","101가지 책 사용법","박선화 지음;김주경 그림","잇츠북어린이","2019","9791187903291","","7","","813.8","1","1","2020-07-17",
"96","나무들을 위한 책벌레","고정욱 글;허구 그림","산하","2020","9788976505255","","7","","813.8","1","1","2020-07-17",
"97","내겐 너무 무거운","노에미 볼라 지음;홍한결 옮김","단추","2020","9791189723040","","7","","883","1","0","2020-07-17",
"98","같은 시간 다른 우리:평화를 꿈꾸는 난민 이야기","소피아 파나두 글;마리오나 카바사 그림;김혜진 옮김","다림","2020","9788961772198","","7","","892.1","1","1","2020-07-17",
"99","156층 비구디 할머니","델핀 페레 글;세바스티앵 무랭 그림;양진희 옮김","미래아이(미래M&B,미래엠앤비)","2020","9788983948816","","7","","863","1","0","2020-07-17",
"100","내가 왔다","방주현 지음;난다 그림","문학동네","2020","9788954670357","","7","","811.8","1","1","2020-07-17",
"101","세상에 이런 말이!:우리말로 바꾸기 어려운 낱말들에 담긴 사회, 문화, 역사 이야기","니콜라 에드워즈 글;루이자 유리베 그림;양해진 옮김","찰리북","2020","9791164520039","","7","","709","1","0","2020-07-17",
"102","우리가 뭐 어때서?!","페드로 마냐스 로메로 글;하비에르 바스케스 로메로 그림;김지애 옮김","라임","2020","9791189208387","","7","","873","1","0","2020-07-17",
"103","소리 질러, 운동장:진형민 장편동화","진형민 지음;이한솔 그림","창비","2015","9788936442798","","7","","813.8","1","2","2020-07-17",
"104","말들이 사는 나라","윤여림 글;최미란 그림","스콜라(위즈덤하우스)","2019","9788962471656","","7","","813.8","1","1","2020-07-17",
"105","별별마을의 완벽한 하루","윤해연 글;노인경 그림","문학동네","2020","9788954660198","","7","","813.8","1","1","2020-07-17",
"106","OK슈퍼 과자 질소 도난 사건","송라음 지음;최민지 그림","창비","2020","9788936443085","","7","","813.8","1","1","2020-07-17",
"107","걱정 세탁소:걱정을 세탁해 드립니다!","홍민정 글;김도아 그림","좋은책어린이","2020","9788928318049","","7","","813.8","1","5","2020-07-17",
"108","아빠는 일곱 살 때 안 힘들었어요?","정용준 지음;고지연 그림","난다","2020","9791188862610","","7","","813.8","1","0","2020-07-17",
"109","인터넷이 끊어진 날","마크 우베 클링 글;아스트리드 헨 그림;전은경 옮김","라임","2020","9791189208394","","7","","853","1","2","2020-07-17",
"110","베르토를 찾아서:어린이 밴드 64분음표와 떠나는 뉴욕 음악 탐험","이베테 델옴 지음;신타 아리바스 그림;성소희 옮김","봄나무","2020","9791156131373","","7","","670","1","0","2020-07-17",
"111","세균과 바이러스:미생물은 힘이 세!","김희정 글;이창우 그림","아르볼","2020","9791162040805","","7","19","408","1","2","2020-07-17",
"112","정치 이야기, 뭔데 이렇게 재밌어?","콘덱스정보연구소 편저;이은정 옮김","리듬문고","2020","9788965135760","","4","","340","1","0","2020-07-17",
"113","코딱지 할아버지","신순재 글;이명애 그림","책읽는곰","2019","9791158361587","","7","","813.8","1","4","2020-07-17",
"114","난 화가 나면","나나 네스회버 글;엘리너 조머 그림;서지희 옮김","아름다운사람들","2020","9788965135777","","7","","853","1","3","2020-07-17",
"115","미래를 위한 지구 한 바퀴:호기심 많은 북극여우와 함께 떠나는 환경 탐험","마르크 그라뇨 지음;성소희 옮김","청어람아이(청어람미디어)","2019","9791158711146","","7","","539","1","0","2020-07-17",
"116","(초등학생이 알아야 할)참 쉬운 돈과 금융","에디 레이놀즈;매슈 올덤;라라 브라이언 [공]글;마르코 보너티 그림;고정아 옮김","어스본코리아","2019","9791188454969","","7","","327.04","1","0","2020-07-17",
"117","게스트하우스 Q:박영란 장편소설","박영란 지음","창비","2020","9788936456948","","4","","813.6","1","0","2020-07-17",
"118","발버둥치다:박하령 장편소설","박하령 지음","자음과모음","2018","9788954438445","","4","","813.6","1","0","2020-07-17",
"119","한일 우익 근대사 완전정복:친일파 야스쿠니 식민사관 일본회의","이영채;한홍구 [공]지음","창비","2020","9788936486495","","0","","911.07","1","1","2020-07-17",
"120","우리는 인사를 했고 평생 함께할 거야","겸연 외 42인 씀","곰곰","2020","9791196714703","","0","","818","1","1","2020-07-17",
"121","책에 바침:결코 소멸되지 않을 자명한 사물에 바치는 헌사","부르크하르트 슈피넨 지음;리네 호벤 그림;김인순 옮김","쌤앤파커스","2020","9788965709138","","0","","031.4","1","0","2020-07-17",
"122","별을 위한 시간:로버트 A. 하인라인 장편소설","로버트 A. 하인라인 지음;최세진 옮김","아작","2020","9791190652001","","0","","843","1","0","2020-07-17",
"123","켈리 갱의 진짜 이야기:피터 케리 장편소설","피터 케리 지음;민승남 옮김","문학동네","2020","9788954658478","","0","","843","1","1","2020-07-17",
"124","도덕의 시간:오승호 장편소설","오승호 지음;이연승 옮김","블루홀6(블루홀식스)","2020","9791189571160","","0","","833.6","1","1","2020-07-17",
"125","지복의 성자","아룬다티 로이 지음;민승남 옮김","문학동네","2020","9788954670241","","0","","843","1","0","2020-07-17",
"126","여름의 겨울:아들린 디외도네 장편소설","아들린 디외도네 지음;박경리 옮김","Arte(아르테)","2020","9788950985417","","0","","863","1","0","2020-07-17",
"127","그래봤자 개구리","장현정 글ㆍ그림","모래알","2020","9791157852925","","7","","813.8","1","3","2020-07-17",
"128","이런 쌍둥이 어때요?","오우성 글·그림","쉼어린이","2019","9791187580386","","7","","813.8","1","0","2020-07-17",
"129","성질 좀 부리지 마, 닐슨!","자카리아 오하라 글·그림;유수현 옮김","소원나무","2015","9791186531303","","7","","181.7","1","2","2020-07-17",
"130","우리 같이 놀자!","마이크 브라운로우 지음;엄혜숙 옮김","국민서관","2019","9788911126804","","7","","843","1","0","2020-07-17",
"131","조금 다르면 안 돼?","클레어 알렉산더 글ㆍ그림;홍연미 옮김","국민서관","2020","9788911126811","","7","","843","1","6","2020-07-17",
"132","숲속 괴물 그루팔로","줄리아 도널드슨 글;악셀 셰플러 그림;노은정 옮김","비룡소","2019","9788949113845","","7","","843","1","2","2020-07-17",
"133","용감한 꼬마 그루팔로","줄리아 도널드슨 지음;악셀 셰플러 그림;노은정 옮김","비룡소","2019","9788949113852","","7","","843","1","2","2020-07-17",
"134","하루거리","김휘훈 지음","그림책공작소","2020","9791186825242","","7","","813.8","1","3","2020-07-17",
"135","인사:김성미 그림책","김성미 글·그림","책읽는곰","2020","9791158361655","","7","","813.8","1","5","2020-07-17",
"136","내 마음이 말할 때","마크 패롯 글;에바 알머슨 그림;성초림 옮김","웅진주니어","2019","9788901237817","","7","","873","1","4","2020-07-17",
"137","난 꼬불꼬불 날 거야!","지기 헤네어 글;앨리스 바우셔 그림;신수진 옮김","다림","2019","9788961772150","","7","","843","1","0","2020-07-17",
"138","고만고만","심미아 글·그림","보림","2020","9788943312855","","7","","813.8","1","2","2020-07-17",
"139","곰과 새:김용대 그림책","김용대 지음","길벗어린이","2020","9788955825374","","7","","813.8","1","1","2020-07-17",
"140","뻔뻔한 가족","박현숙 글;정경아 그림","서유재","2019","9791189034092","","7","","813.8","1","3","2020-07-17",
"141","나는 [ ] 배웁니다","가브리엘레 레바글리아티 글;와타나베 미치오 그림;박나리 옮김","책속물고기","2018","9791163270119","","7","","863","1","4","2020-07-17",
"142","초딩의 품격","홍민정 글;최미란 그림","좋은책어린이","2017","9788928315864","","7","","813.8","1","4","2020-07-17",
"143","우리가 인생이라 부르는 것들:자기 삶의 언어를 찾는 열네 번의 시 강의","정재찬 지음","인플루엔셜","2020","9791189995539","","0","","811.609","1","1","2020-07-17",
"144","먼 바다:공지영 장편소설","공지영 지음","해냄","2020","9788965749875","","0","","813.6","1","0","2020-07-17",
"145","1일 1클래식 1기쁨:하루하루 설레는 클래식의 말","클레먼시 버턴힐 지음;김재용 옮김","윌북","2020","9791155812556","","0","","670.9","1","0","2020-07-17",
"146","매일 한끼 비건 집밥","이윤서 지음","문학동네","2020","9788954670760","","1","","594.677","1","3","2020-07-17",
"147","브레인 푸드:당신의 뇌가 원하는 음식은 따로 있다","리사 모스코니 지음;조윤경 옮김","홍익출판사","2019","9788970657844","","1","","512.54","1","0","2020-07-17",
"148","더 위험한 과학책:지구인이라면 반드시 봐야 할 허를 찌르는 일상 속 과학 원리들","랜들 먼로 지음;이강환 옮김","시공사","2020","9788952751546","","0","","400","1","1","2020-07-17",
"149","새로운 대중의 탄생:흩어진 개인은 어떻게 대중이라는 권력이 되었는가","군터 게바우어;스벤 뤼커 [공]지음;염정용 옮김","북이십일","2019","9788950986162","","0","","331.53","1","0","2020-07-17",
"150","선량한 차별주의자","김지혜 지음","창비","2019","9788936477196","","0","","342.3","1","1","2020-07-17",
"151","내 주위에는 왜 멍청이가 많을까:세상을 위협하는 멍청함을 연구하다","장 프랑수아 마르미옹 지음;이주영 옮김","시공사","2020","9788952756879","","0","","181.1","1","1","2020-07-17",
"152","지적 대화를 위한 넓고 얕은 지식:지혜를 찾아 138억 년을 달리는 시간 여행서","채사장 지음","Whale Books(웨일북)","2019","9791190313131","","0","0","001.3","1","0","2020-07-17",
"153","학교 가기 싫은 선생님","박보람 글;한승무 그림","노란상상","2020","9791188867417","","7","","813.8","1","2","2020-07-17",
"154","밤의 일기","비에라 히라난다니 지음;장미란 옮김","다산기획","2019","9788979381351","","7","","843","1","0","2020-01-10",
"155","소녀와 소년, 멋진 사람이 되는 법","윤은주 글;이해정 그림","사계절","2019","9791160945041","","7","","337","1","1","2020-01-10",
"156","아빠를 구하라!","송정양 글;유난희 그림","아이세움","2019","9791164132508","","7","","813.8","1","0","2020-01-10",
"157","엄마도 모르는 내 자존감 이야기:나도 잘 할 수 있어요!","문지현;박현경 [공]지음;이길수 그림","피그말리온","2019","9791189704056","","7","","182.1","1","0","2020-01-10",
"158","행복을 파는 상인","다비데 칼리 글;마르코 소마 그림;최병진 옮김","주니어김영사","2019","9788934995210","","7","","883","1","1","2020-01-10",
"159","우리가 빛의 속도로 갈 수 없다면:김초엽 소설","김초엽 지음","허블","2019","9791190090018","","0","","813.6","1","5","2020-01-10",
"160","식물의 책:식물세밀화가 이소영의 도시식물 이야기","이소영 지음","한올엠앤씨 ","2019","9788986022100","","0","","481.508","1","1","2020-01-10",
"161","공공연한 고양이:고양이 시점 짧은 소설","최은영 [외]지음","자음과모음","2019","9788954440189","","0","","813.6","1","0","2020-01-10",
"162","다름 아닌 사랑과 자유","김하나 [외]지음","문학동네","2019","9788954658126","","0","","814.6","1","1","2020-01-10",
"163","50부터는 인생관을 바꿔야 산다:이제 자존심, 꿈, 사람은 버리고 오직 나를 위해서만!","사이토 다카시 지음;황혜숙 옮김","센시오","2019","9791190356039","","0","","199.6","1","2","2020-01-10",
"164","죽음:베르나르 베르베르 장편소설","베르나르 베르베르 지음;전미연 옮김","열린책들","2019","9788932919683","9788932919669","0","2","863","1","0","2020-01-10",
"165","죽음:베르나르 베르베르 장편소설","베르나르 베르베르 지음;전미연 옮김","열린책들","2019","9788932919676","9788932919669","0","1","863","1","0","2020-01-10",
"166","행복한 허수아비","베스 페리 글;테리 펜;에릭 펜 [공]그림;이순영 옮김","북극곰","2019","9791190300322","","7","","843","1","1","2020-01-10",
"167","나는 큰 걸까, 작은 걸까?","도노우치 마호 글·그림;김숙 옮김","국민서관","2019","9788911126637","","7","","833.6","1","0","2020-01-10",
"168","에너지충전","박종진 씀;송선옥 그림","소원나무","2019","9791170440031","","7","","813.8","1","1","2020-01-10",
"169","기억의 풍선","제시 올리베로스 글;다나 울프카테 그림","나린글(도서출판)","2019","9791195747696","","7","","843","1","6","2020-01-10",
"170","제발 나를 읽지 마!","크리스틴 나우만 빌맹 글;로랑 시몽 그림;공민희 옮김","그린북","2019","9788955883701","","7","","863","1","0","2020-01-10",
"171","이 책에는 용이 없다니까!","루 카터 지음;데보라 올라이트 그림;엄혜숙 옮김","봄봄출판사","2019","9791188909179","","7","","813.8","1","4","2020-01-10",
"172","공부머리 독서법:실현 가능하고 지속 가능한 독서교육의 모든 것","최승필 지음","책구루","2018","9791196316808","","0","","029.8","1","15","2019-07-19",
"173","(어쨌거나 잘살고 싶다면)신디의 결혼 수업","신디 지음","길벗","2019","9791160507706","","0","","182.2","1","1","2019-07-19",
"174","이제껏 너를 친구라고 생각했는데:친구가 친구가 아니었음을 깨달은 당신을 위한 관계심리학","성유미 지음","인플루엔셜","2019","9791186560952","","0","","189.2","1","1","2019-07-19",
"175","교과서가 쉬워지는 주말여행:아이가 스스로 배우는 자기주도여행 200","김수진;박은하 [공]지음","길벗","2019","9791160507645","","1","","981.102","1","0","2019-07-19",
"176","눈물빵","고토 미즈키 글·그림;황진희 옮김","천개의바람","2019","9791187287926","","7","","833.8","1","2","2019-07-19",
"177","6개월에 천만 원 모으기:EBS 특별기획 호모이코노미쿠스","이대표 외 지음","한국경제신문","2018","9788947544337","","0","","327.04","1","4","2019-07-19",
"178","결단:자수성가 백만장자들의 압도적 성공의 비밀","롭 무어 지음;이진원 옮김","다산북스","2019","9791130621388","","1","","325.04","1","1","2019-07-19",
"179","(더 힘들어하고 더 많이 포기하고 더 안 하려고 하는)요즘 아이들 마음고생의 비밀","김현수 지음","해냄","2019","9788965746805","","0","","370.18","1","2","2019-07-19",
"180","희망 대신 욕망:욕망은 왜 평등해야 하는가","김원영 지음","푸른숲","2019","9791156757818","","0","","338.304","1","1","2019-07-19",
"181","무리하지 않는 선에서:오래오래 좋아하기 위해","한수희 지음;서평화 그림","휴머니스트출판그룹","2019","9791160802405","","0","","818","1","2","2019-07-19",
"182","소년이로:편혜영 소설집","편혜영 지음","문학과지성사","2019","9788932035338","","0","","813.6","1","1","2019-07-19",
"183","그 찬란한 빛들 모두 사라진다 해도:삶과 죽음, 그 후에 오는 것들","줄리 입 윌리엄스 지음;공보경 옮김","나무의철학","2019","9791158511333","","0","","848","1","1","2019-07-19",
"184","다가오는 말들:나와 당신을 연결하는 이해와 공감의 말들","은유 지음","어크로스","2019","9791196587352","","0","","818","1","3","2019-07-19",
"185","우리 가족은 꽤나 진지합니다:봉태규 에세이","봉태규 지음","길벗","2019","9791160507331","","0","","818","1","1","2019-07-19",
"186","사실, 내성적인 사람입니다:오늘도 사회성 버튼을 누르는 당신에게","남인숙 지음","21세기북스(북이십일 21세기북스)","2019","9788950980771","","0","","814.6","1","2","2019-07-19",
"187","여행의 이유:김영하 산문","김영하 지음","문학동네","2019","9788954655972","","0","","814.6","1","10","2019-07-19",
"188","라면은 멋있다:공선옥 소설","공선옥 지음;김정윤 그림","창비","2017","9788936458553","","4","","813.6","1","0","2019-07-19",
"189","생각이 필요해:반대를 보는 새로운 시각","수잔 후드 글;제이 플렉 그림;정화진 옮김","달리","2019","9788959983728","","7","","843","1","2","2019-07-19",
"190","이 세상 최고의 딸기","하야시 기린 글;쇼노 나오코 그림;고향옥 옮김","길벗스쿨","2019","9791164060184","","7","","833.8","1","3","2019-07-19",
"191","가만히 들어주었어","코리 도어펠드 글·그림;신혜은 옮김","북뱅크","2019","9788966351008","","7","","843","1","1","2019-07-19",
"192","먹어도 먹어도 줄지 않는 죽:최숙희 그림책","최숙희 지음","책읽는곰","2019","9791158361402","","7","","813.8","1","4","2019-07-19",
"193","완두의 여행 이야기","다비드 칼리 글;세바스티앙 무랭 그림;이주영 옮김","진선아이","2019","9788972215875","","7","2","863","1","4","2019-07-19",
"194","성평등:성 고정 관념을 왜 깨야 할까?","손희정 글;순미 그림","풀빛","2018","9791161720944","","7","","337","1","0","2019-07-19",
"195","씨앗 100개가 어디로 갔을까","이자벨 미뇨스 마르틴스 글;야라 코누 그림;홍연미 옮김","토토북","2018","9788964963746","","7","","480","1","2","2019-07-19",
"196","오줌이 찔끔","요시타케 신스케 글·그림;유문조 옮김","위즈덤하우스 미디어그룹","2018","9788962479973","","7","","833.8","1","5","2019-07-19",
"197","보이거나 안 보이거나","요시타케 신스케 글·그림;고향옥 옮김","토토북","2019","9788964963999","","7","","833.8","1","3","2019-07-19",
"198","수상한 도서관","박현숙 글;장서영 그림","도서출판 북멘토","2019","9788963192956","","7","","813.8","1","1","2019-07-19",
"199","히글티 피글티 팝!","모리스 샌닥 글·그림;홍연미 옮김","시공주니어","2018","9788952787194","","7","","843","1","1","2019-07-19",
"200","표절 교실","김해우 글;임미란 그림","크레용하우스","2018","9788955476064","","7","","813.8","1","1","2019-07-19",
"201","파리 신부","김태호 지음;정현진 그림","문학과지성사","2018","9788932031101","","7","","813.8","1","2","2019-07-19",
"202","설이:심윤경 장편소설","심윤경 지음","한겨레출판","2019","9791160402247","","0","","813.6","1","1","2019-05-28",
"203","퍼스트 러브:시마모토 리오 장편소설","시마모토 리오 지음;김난주 옮김","해냄","2019","9788965746775","","0","","833.6","1","2","2019-05-28",
"204","다음 생엔 엄마의 엄마로 태어날게:세상 모든 딸들에게 보내는 스님의 마음편지","선명 지음;김소라 그림","21세기북스(북이십일 21세기북스)","2019","9788950979430","","0","","818","1","3","2019-05-28",
"205","나의 아름다운 이웃:박완서 짧은 소설","박완서 지음","작가정신","2019","9791160261264","","0","","813.6","1","3","2019-05-28",
"206","좋은지 나쁜지 누가 아는가:신이 쉼표를 넣은 곳에 마침표를 찍지 말라","류시화 지음","더숲","2019","9791186900789","","0","","814.6","1","1","2019-05-28",
"207","에어프라이어 레시피 100","스타일리시 쿠킹 메뉴개발팀 지음","Cypress(싸이프레스)","2019","9791160320541","","1","","594.5","1","2","2019-05-28",
"208","살아있는 것들의 눈빛은 아름답다:수의사 아빠가 딸에게 들려주는 함께 살아가는 동물 이야기","박종무 지음","리수","2016","9791186274088","","0","","527.41","1","0","2019-05-28",
"209","내 마음은","코리나 루켄 지음;김세실 옮김","나는별","2019","9791188574087","","7","","843","1","2","2019-05-28",
"210","나쁜 씨앗","조리 존 글;피트 오즈월드 그림;김경희 옮김","길벗어린이","2018","9788955824384","","7","","843","1","6","2019-05-28",
"211","나랑 놀자!","정진호 글·그림","현암주니어","2018","9788932374819","","7","","813.8","1","1","2019-05-28",
"212","펭귄 호텔","우시쿠보 료타 글·그림;고향옥 옮김","주니어RHK(주니어랜덤)","2018","9788925564883","","7","","833.8","1","3","2019-05-28",
"213","빨간 벽","브리타 테켄트럽 지음;김서정 옮김","봄봄출판사","2018","9791188909094","","7","","843","1","6","2019-05-28",
"214","북극곰이 녹아요","박종진 글;이주미 그림","키즈엠","2017","9788967498825","","7","","813.8","1","0","2019-05-28",
"215","엄마는 너를 위해","박정경 글;조원희 그림","낮은산","2019","9791155251119","","7","","813.8","1","0","2019-05-28",
"216","지구를 지켜라","박연철 글·그림","시공주니어","2018","9788952788498","","7","","813.8","1","1","2019-05-28",
"217","또 다른 연못","바오 파이 글;티 부이 그림;이상희 옮김","밝은미래","2018","9788965463184","","7","","843","1","0","2019-05-28",
"218","완두","다비드 칼리 글;세바스티앙 무랭 그림;이주영 옮김","진선아이","2018","9788972215776","","7","","863","1","4","2019-05-28",
"219","정말 멋진 날이야","김혜원 글·그림","고래뱃속(아지북스)","2019","9788992505864","","7","","813.8","1","5","2019-05-28",
"220","비커 군과 방과 후 과학실","우에타니 부부 지음;김수현 옮김","한겨레아이들","2019","9791160402230","","7","","407","1","0","2019-05-28",
"221","경주 최씨 부자 이야기","조은정 글;여기 그림","여원미디어","2018","9788967939533","","7","","813.8","1","9","2019-05-28",
"222","최악이야!","하나다 하토코 글;후리와라 히로코 그림;명정화 옮김","책빛","2018","9788962192582","","7","","833.8","1","2","2019-05-28",
"223","학교에서 싸운 날","이선일 글;김수옥 그림","푸른날개","2018","9788965592358","","7","","813.8","1","3","2019-05-28",
"224","꼬마 너구리 요요:이반디 동화집","이반디 지음;홍그림 그림","창비","2018","9788936414139","","7","","813.8","1","1","2019-05-28",
"225","휘경이와 꼬마 쥐","오신혜 지음;최정인 그림","밝은미래","2018","9788965463177","","7","","813.8","1","1","2019-05-28",
"226","아름다운 것은 자꾸 생각나","신현이 지음;김정은 그림","문학동네어린이","2018","9788954653978","","7","","813.8","1","0","2019-05-28",
"227","아무것도 가르치지 않는 선생님","셰인 페이슬리 지음;전지숙 옮김","책과콩나무","2019","9791186490914","","7","","843","1","2","2019-05-28",
"228","바꿔!","박상기 글;오영은 그림","비룡소","2018","9788949121819","","7","","813.8","1","1","2019-05-28",
"229","소똥 밟은 호랑이","박민호 글;전병준 그림","알라딘북스","2018","9788984016958","","7","","813.8","1","1","2019-05-28",
"230","불량한 자전거 여행","김남중 지음;문인혜 그림","창비","2019","9788936442996","","7","2","813.8","1","3","2019-05-28",
"231","나도 아직 나를 모른다:뇌과학과 임상심리학이 부서진 마음에게 전하는 말","허지원 지음","홍익출판사","2018","9788970656588","","0","","181.3","1","4","2019-05-28",
"232","우린 너무 몰랐다:해방, 제주4·3과 예순민중항쟁","김용옥 지음","통나무","2019","9788982641374","","0","","911.072","1","0","2019-05-28",
"233","나는 습관을 조금 바꾸기로 했다:죽어야 고치는 습관, 살아서 바꾸자!","사사키 후미오 지음;드로잉메리 그림;정지영 옮김","쌤앤파커스","2019","9788965707561","","0","","325.04","1","3","2019-05-28",
"234","우리와 당신들:프레드릭 배크만 장편소설","프레드릭 배크만 지음;이은선 옮김","다산북스","2019","9791130620473","","0","","859.7","1","2","2019-05-28",
"235","목기린 씨, 타세요!:이은정 동화","이은정 지음;윤정주 그림","창비","2014","9788936414054","","7","","813.8","1","2","2019-04-10",
"236","오리와 부엉이:우리는 친구","한나 요한젠 글;케티 벤트 그림;임정희 옮김","예원미디어","2009","9788991413177","","7","","853","1","2","2019-04-10",
"237","12가지 인생의 법칙:혼돈의 해독제","조던 B. 피터슨 지음;강주헌 옮김","메이븐","2018","9791196067694","","0","","199.1","1","5","2019-01-29",
"238","스페인어회화 100일의 기적:100일 후에는 나도 스페인어로 말한다","민킴 지음","넥서스","2018","9791161653488","","1","","777.5","1","1","2019-01-29",
"239","수학이 필요한 순간:인간은 얼마나 깊게 생각할 수 있는가","김민형 지음;[인플루엔셜] 편집부 옮김","인플루엔셜","2018","9791186560785","","0","","410","1","1","2019-01-29",
"240","하마터면 열심히 살 뻔했다:야매 득도 에세이","하완 지음","웅진씽크빅","2018","9788901223032","","0","","818","1","7","2019-01-29",
"241","죽고 싶지만 떡볶이는 먹고 싶어:백세희 에세이","백세희 지음","흔","2018","9791196394509","","0","","818","1","2","2019-01-29",
"242","오늘처럼 내가 싫었던 날은 없다:무너진 자존감을 일으켜줄 글배우의 마음 수업","글배우 지음","21세기북스(북이십일 21세기북스)","2018","9788950976514","","0","","818","1","3","2019-01-29",
"243","바르도의 링컨:조지 손더스 장편소설","조지 손더스 지음;정영목 옮김","문학동네","2018","9788954653428","","0","","843","1","0","2019-01-29",
"244","나는 그것에 대해 아주 오랫동안 생각해:김금희 짧은 소설","김금희 지음;곽명주 그림","마음산책","2018","9788960905481","","0","","813.6","1","3","2019-01-29",
"245","나의 미술관","조안 리우 지음","단추","2018","9791196175283","","7","","650","1","0","2019-01-29",
"246","주무르고 늘리고","요시타케 신스케 글·그림;유문조 옮김","스콜라(위즈덤하우스)","2018","9788962479164","","7","","833.8","1","2","2019-01-29",
"247","절대로 누르면 안 돼!","빌 코터 글·그림;이정훈 옮김","북뱅크","2018","9788966350919","","7","","843","1","7","2019-01-29",
"248","우리는 이 행성에 살고 있어:지구에서 살아가는 법","올리버 제퍼스 글·그림;장미란 옮김","주니어김영사","2018","9788934981459","","7","","843","1","1","2019-01-29",
"249","우리 이불 어디 갔어:하수정 그림책","하수정 지음","웅진주니어","2018","9788901226675","","7","","813.8","1","1","2019-01-29",
"250","네모","맥 바넷 글;존 클라센 그림;서남희 옮김","시공주니어","2018","9788952786654","","7","","843","1","3","2019-01-29",
"251","꼬마 여우","니콜라 구니 지음;명혜권 옮김","여유당","2018","9788992351706","","7","","863","1","2","2019-01-29",
"252","코딱지가 보낸 편지","상상인 글·그림","길벗어린이","2018","9788955824759","","7","","813.8","1","3","2019-01-29",
"253","초등학생을 위한 개념 과학 150:과학 과목이 좋아지는 탐구활동 교과서","정윤선 지음;김제도 그림","바이킹","2018","9788964943458","","7","","404","1","1","2019-01-29",
"254","어린이 페미니즘 학교:여자답게? 남자답게? 나답게!","초등성평등연구회 지음;이해정 그림","우리학교","2018","9791187050643","","7","","337.2","1","0","2019-01-29",
"255","꼼짝 마! 사이버 폭력","떼오 베네데띠;다비데 모로지노또 [공]지음;장 끌라우디오 빈치 그림;정재성 옮김","마음이음","2018","9791196013295","","7","","334","1","0","2019-01-29",
"256","잃어버린 영혼","올가 토카르축 지음;요안나 콘세이요 그림;이지원 옮김","사계절","2018","9791160944020","","7","","892.95","1","2","2019-01-29",
"257","벽 속에 숨은 마법 시계","존 벨레어스 지음;공민희 옮김","살림","2018","9788952239891","","7","","843","1","1","2019-01-29",
"258","(말라깽이 돼지)애니","조찬양 글;이갑규 그림","킨더랜드(킨더주니어)","2017","9788956187471","","7","","813.8","1","1","2019-01-29",
"259","슈퍼 독 개꾸쟁","정용환 글·그림","고릴라박스","2018","9788965483847","9788965483830","7","1","813.8","1","3","2019-01-29",
"260","내 고양이는 말이야","미로코 마치코 지음;엄혜숙 옮김","길벗스쿨","2018","9791188991471","","7","","833.8","1","1","2019-01-29",
"261","지금 하지 않으면 언제 하겠는가:세계 최고 멘토들의 인생 수업","팀 페리스 지음;박선령;정지현 [공]옮김","Tornado(토네이도미디어그룹)","2018","9791158510978","","0","","199.1","1","0","2018-11-23",
"262","굿 라이프=(The)good life:내 삶을 바꾸는 심리학의 지혜","최인철 지음","21세기북스","2018","9788950975913","","0","","189","1","1","2018-11-23",
"263","열두 발자국","정재승 지음","어크로스","2018","9791160560510","","0","","404","1","10","2018-11-23",
"264","언젠가, 아마도:김연수 여행 산문집","김연수 지음;엄유정 그림","안그라픽스","2018","9788970599694","","0","","816.6","1","0","2018-11-23",
"265","어느새 운동할 나이가 되었네요:몸도 마음도 내 맘 같지 않은 어른들을 위한 본격 운동 장려(?)에세이","가쿠타 미쓰요 지음;이지수 옮김","글담출판사","2018","9791159350306","","0","","838","1","3","2018-11-23",
"266","내게 무해한 사람:최은영 소설","최은영 지음","문학동네","2018","9788954651820","","0","","813.6","1","5","2018-11-23",
"267","나는 그냥 버스기사입니다","허혁 지음","수오서재","2018","9791187498285","","0","","818","1","1","2018-11-23",
"268","그녀 이름은:조남주 소설","조남주 지음","다산북스","2018","9791130617084","","0","","813.6","1","2","2018-11-23",
"269","여름 낚시","김지안 글·그림","JEI재능교육(재능출판)","2018","9788974993337","","7","","813.8","1","1","2018-11-23",
"270","알밤 소풍","김지안 글·그림","JEI재능교육(재능출판)","2017","9788974990466","","7","","813.8","1","2","2018-11-23",
"271","세모","맥 바넷 글;존 클라센 그림;서남희 옮김","시공주니어","2018","9788952786647","","7","","843","1","3","2018-11-23",
"272","범인은 고양이야!","다비드 칼리 글;마갈리 클라벨레 그림;김이슬 옮김","다림","2018","9788961771719","","7","","863","1","0","2018-11-23",
"273","달려라 꼬마","신경림 시;주리 그림","바우솔","2018","9788983897510","","7","","811.8","1","1","2018-11-23",
"274","깜박깜박 스르르르:자장 자장 우리 아기를 위한 자장 그림책","문승연 글·그림","딸기책방","2018","9791196391812","","7","","813.8","1","2","2018-11-23",
"275","색깔의 역사","클리브 기포드 글;마르크-에티엔 펭트르 그림;이강희 옮김","노란돼지","2018","9791159950377","","7","","651","1","1","2018-11-23",
"276","고래책","안드레아 안티노리 지음;홍한결 옮김","단추","2018","9791196175252","","7","","499","1","1","2018-11-23",
"277","콩가면 선생님이 또 웃었다?","윤여림 글;김유대 그림","천개의바람","2017","9791187287636","","7","","813.8","1","3","2018-11-23",
"278","내 다리가 부러진 날","이승민 글;박정섭 그림","풀빛","2017","9788974741310","","7","","813.8","1","2","2018-11-23",
"279","마티 팬츠의 사건일지","마크 패리시 글·그림;한아름 옮김","미래엔","2018","9791162335536","9791162335574","7","1","843","1","3","2018-11-23",
"280","베어타운:프레드릭 배크만 장편소설","프레드릭 배크만 지음;이은선 옮김","다산북스","2018","9791130616650","","0","","859.7","1","3","2018-09-04",
"281","선생님, 우리 집에도 오세요:송언 동화","송언 지음;김유대 그림","창비","2017","9788936451486","","7","","813.8","1","0","2018-09-04",
"282","슈퍼 히어로 우리 아빠","임지형 글;김완진 그림","고래가숨쉬는도서관","2016","9791187427087","","7","","813.8","1","4","2018-09-04",
"283","화이트 래빗:이사카 고타로 장편소설","이사카 고타로 지음;김은모 옮김","현대문학","2018","9788972758808","","0","","833.6","1","1","2018-09-04",
"284","페미니스트 엄마와 초딩 아들의 성(性)적 대화:양육자를 위한 초등 남아 성교육서","김서화 지음","미디어 일다","2018","9791189063009","","0","","598.55","1","1","2018-09-04",
"285","음식 탐험대의 별별 세계 음식 여행:지리, 역사, 문화를 꿀꺽!","조 베이터;조 샤프 [공]지음;크리스 딕카슨 그림;나윤희 옮김","찰리북","2018","9788994368818","","7","","381.75","1","2","2018-09-04",
"286","지우개 똥 쪼물이","조규영 지음;안경미 그림","창비","2018","9788936451516","","7","","813.8","1","7","2018-09-04",
"287","도깨비폰을 개통하시겠습니까?:박하익 장편동화","박하익 지음;손지희 그림","창비","2018","9788936442927","","7","","813.8","1","8","2018-09-04",
"288","할머니와 하얀 집:이윤우 그림책","이윤우 지음","비룡소","2017","9788949101910","","7","","813.8","1","4","2018-07-06",
"289","콩고 광장의 자유","캐럴 보스턴 위더포드 글;R. 그레고리 크리스티 그림;김서정 옮김","밝은미래","2018","9788965462965","","7","","843","1","0","2018-07-06",
"290","책의 아이","올리버 제퍼스;샘 윈스턴 [공]글·그림;이상희 옮김","비룡소","2017","9788949113647","","7","","843","1","3","2018-07-06",
"291","으라차차! 버섯 할아버지","이시카와 모토코 글·그림;김소연 옮김","길벗어린이","2017","9788955824209","","7","","833.8","1","4","2018-07-06",
"292","밴드 브레멘","유설화 지음","책읽는곰","2018","9791158360740","","7","","813.8","1","1","2018-07-06",
"293","방방이","이갑규 글·그림","한림출판사","2018","9788970948034","","7","","813.8","1","5","2018-07-06",
"294","곰씨의 의자:노인경 그림책","노인경 지음","문학동네","2016","9788954642316","","7","","813.8","1","1","2018-07-06",
"295","겨울이 궁금한 곰","옥사나 불라 글·그림;엄혜숙 옮김","봄볕(꿈꾸는꼬리연)","2017","9791186979495","","7","","892.89","1","2","2018-07-06",
"296","100가지 엄마 얼굴","박수연 글;정은숙 그림","키즈엠","2017","9788967498948","","7","","813.8","1","2","2018-07-06",
"297","지금 독립하는 중입니다:정신과 의사 하지현의 십 대 마음 관찰기","하지현 지음","창비","2017","9788936452247","","4","","183.3","1","1","2018-07-06",
"298","무례한 사람에게 웃으며 대처하는 법:인생 자체는 긍정적으로 개소리에는 단호하게","정문정 지음","가나문화콘텐츠","2018","9788957369364","","0","","189.2","1","7","2018-07-06",
"299","35년","박시백 글·그림","비아북","2018","9791186712665","9791186712634","0","3","911.06","1","1","2018-07-06",
"300","35년","박시백 글·그림","비아북","2018","9791186712658","9791186712634","0","2","911.06","1","1","2018-07-06",
"301","35년","박시백 글·그림","비아북","2018","9791186712641","9791186712634","0","1","911.06","1","1","2018-07-06",
"302","(지적이고 아름다운 삶을 위한)라틴어 수업","한동일 지음","흐름출판","2017","9788965962205","","0","","792.2","1","3","2018-07-06",
"303","일취월장:일을 잘하기 위한 8가지 원리","고영성;신영준 [공]지음","로크미디어","2017","9791129429506","","","","325.211","1","0","2018-07-06",
"304","엄마의 자존감 공부:천 번을 미안해도 나는 엄마다","김미경 지음","북이십일","2017","9788950972226","","0","","598.1","1","5","2018-07-06",
"305","공룡 엑스레이","경혜원 글·그림","한림출판사","2017","9788970949635","","7","","457.279","1","0","2018-07-06",
"306","일곱 나라 일곱 어린이의 하루","맷 라모스 글·그림;김경연 옮김","풀빛","2018","9791161720500","","7","","909","1","6","2018-07-06",
"307","(곱구나!)우리 장신구","박세경 글;조에스더 그림","한솔수북","2014","9791185494678","","7","","381.39","1","0","2018-07-06",
"308","절대 딱지","최은영 글;김다정 그림","개암나무","2016","9788968303371","","7","","813.8","1","6","2018-07-06",
"309","빛나는 아이:천재적인 젊은 예술가 장 미셸 바스키아","자바카 스텝토 글·그림;이유리 옮김","스콜라","2018","9788962478990","","7","","998.6","1","1","2018-07-06",
"310","나만 잘하는 게 없어","이승민 지음;박정섭 그림","풀빛","2017","9791161720388","","7","","813.8","1","5","2018-07-06",
"311","언스크립티드:부의 추월차선 완결판","엠제이 드마코 지음;안시열 옮김","토트","2018","9791187444213","","1","","325.2","1","1","2018-07-06",
"312","세상을 바꾸는 언어:민주주의로 가는 말과 글의 힘","양정철 지음","메디치","2018","9791157061105","","0","","001.3","1","0","2018-07-06",
"313","매일 아침 써봤니?:7년을 매일같이 쓰면서 시작된 능동태 라이프","김민식 지음","위즈덤하우스","2018","9791162202586","","0","","325.211","1","2","2018-07-06",
"314","닥터 도티의 삶을 바꾸는 마술가게","제임스 도티 지음;주민아 옮김","판미동","2016","9791158881405","","0","","325.211","1","1","2018-07-06",
"315","한 글자 사전","김소연 지음","마음산책","2018","9788960903623","","0","","818","1","1","2018-07-06",
"316","시로 납치하다","류시화 지음","더숲","2018","9791186900420","","0","","811.6","1","2","2018-07-06",
"317","밤에 우리 영혼은","켄트 하루프 지음;김재성 옮김","Mujintree(뮤진트리)","2016","9788994015972","","0","","843","1","1","2018-07-06",
"318","모든 순간이 너였다:반짝반짝 빛나던 우리의 밤을, 꿈을, 사랑을 이야기하다","하태완 지음","위즈덤하우스 미디어그룹","2018","9791162202913","","0","","818","1","4","2018-07-06",
"319","똥 공장, 테마파트 되다!","마랴 바슬레르;아네마리 판덴브링크 [공]글;차르코 판데르폴 그림;임숙희 옮김","길벗어린이","2018","9788955824360","","7","","511","1","3","2018-07-06",
"320","도시농부 송아의 관찰일기","여태동 글;이미진 그림","책내음","2017","9791186771174","","7","","520","1","1","2018-07-06",
"321","최강의 식사:인생을 바꾸는 실리콘밸리식 완전무결 2주 다이어트","데이브 아스프리 지음;정세영 옮김","앵글북스","2018","9791187512141","","0","","517.52","1","3","2018-07-06",
"322","거실공부의 마법:우리 아이 평생 공부 저력을 키워주는 결정적 공부법","오가와 다이스케 지음;이경민 옮김","에이스컨프로","2018","9791196012748","","1","","598.58","1","5","2018-07-06",
"323","작은 눈이 어때서?","최은순 글;김언희 그림","뜨인돌출판","2016","9788958076087","","7","","813.8","1","3","2018-04-19",
"324","바람을 가르다","김혜온 글;신슬기 그림","샘터사","2017","9788946419292","","7","","813.8","1","0","2018-04-19",
"325","츠바키 문구점:오가와 이토 장편소설","오가와 이토 지음;권남희 옮김","위즈덤하우스 미디어그룹","2017","9788959135172","","0","","833.6","1","4","2018-01-10",
"326","사랑의 온도:착한 스프는 전화를 받지 않는다:하명희 장편소설","하명희 지음","더난콘텐츠그룹","2017","9791158790721","","0","","813.6","1","5","2018-01-10",
"327","말의 품격:말과 사람과 품격에 대한 생각들","이기주 지음","황소북스","2017","9788997092772","","0","","818","1","6","2018-01-10",
"328","너의 췌장을 먹고 싶어","스미노 요루 지음;양윤옥 옮김","소미미디어","2017","9791157107223","","0","","833.6","1","8","2018-01-10",
"329","나는 나로 살기로 했다","김수현 글·그림","마음의숲","2016","9791187119845","","0","","818","1","14","2018-01-10",
"330","걷기의 인문학:가장 철학적이고 예술적이고 혁명적인 인간의 행위에 대하여","리베카 솔닛 지음;김정아 옮김","반비","2017","9788983718648","","0","","844","1","2","2018-01-10",
"331","책 읽어주기의 기적:아동문학가 임영주 박사의 책으로 키우는 똑똑한 육아법","임영주 지음","멘토르","2017","9788963057446","","1","","598.1","1","1","2018-01-10",
"332","(쪼물딱 루씨의)기초 코바늘 손뜨개:9가지 뜨개법으로 만드는 아기자기한 감성 소품 35","김윤정 지음;박영하 사진","백도씨","2017","9788968331510","","1","","592.27","1","3","2018-01-10",
"333","소문난 반찬가게 인기 레시피","셰프찬 [외]지음","헬스조선","2017","9791158461881","","1","2","594.5","1","2","2018-01-10",
"334","현남 오빠에게","조남주 [외]지음","다산북스","2017","9791130614779","","0","","813.6","1","3","2018-01-10",
"335","오리진","댄 브라운 지음;안종설 옮김","문학수첩","2017","9788983926852","9788983926838","0","2","843","1","1","2018-01-10",
"336","오리진","댄 브라운 지음;안종설 옮김","문학수첩","2017","9788983926845","9788983926838","0","1","843","1","2","2018-01-10",
"337","신경 끄기의 기술:인생에서 가장 중요한 것만 남기는 힘","마크 맨슨 지음;한재호 옮김","웅진씽크빅","2017","9788901219943","","0","","199.1","1","4","2018-01-10",
"338","우리는 언제나 다시 만나","윤여림 글;안녕달 그림","스콜라","2017","9788962478518","","7","","813.8","1","3","2018-01-10",
"339","세상에서 가장 맛있는 무화과","크리스 반 알스버그 글·그림;이자유 옮김","미래M&B","2008","9788983942401","","7","","843","1","2","2018-01-10",
"340","모기향","다시마 세이조 글·그림;고향옥 옮김","한림출판사","2011","9788970946399","","7","","833.8","1","2","2018-01-10",
"341","너에게만 알려 줄게:피터 레이놀즈가 전하는 행복의 비밀","피터 레이놀즈 글·그림;서정민 옮김","문학동네","2017","9788954646680","","7","","843","1","3","2018-01-10",
"342","미움받아도 괜찮아:어린이를 위한 용기의 심리학","황재연 지음;김완진 그림","인플루엔셜(주)","2017","9791186560396","","7","","189","1","0","2018-01-10",
"343","지적 대화를 위한 넓고 얕은 지식","채사장 지음","한빛비즈","2015","9788994120997","","1","2","031","1","5","2018-01-10",
"344","여자의 독서:완벽히 홀로 서는 시간","김진애 지음","다산북스","2017","9791130613376","","0","","029","1","1","2018-01-10",
"345","고운 마음 꽃이 되고 고운 말은 빛이 되고:내일을 밝히는 오늘의 고운 말 연습","이해인 지음","샘터","2017","9788946420649","","0","","199.1","1","2","2018-01-10",
"346","펜과 종이만으로 일상드로잉:밑그림 없이 시작하는 드로잉 수업","김효찬 지음","초록비책공방","2017","9791186358269","","0","","656","1","0","2018-01-10",
"347","여행사진 무작정 따라하기","정윤희 지음","길벗","2017","9791160502626","","","","662","1","0","2018-01-10",
"348","52주 여행 남몰래 아껴둔 서울경기 214","로리로리와 그남자 지음","책밥","2016","9791186925133","","1","","981.102","1","1","2018-01-10",
"349","영어는 3단어로=Simple english for everyone:내일 당장 대화가 되는 초간단 영어법","나카야마 유키코 지음;최려진 옮김","인플루엔셜","2017","9791186560464","","1","","747.5","1","2","2018-01-10",
"350","이탈리아의 사생활:알베르토가 전하는 이탈리아의 열 가지 무늬","알베르토 몬디;이윤주 [공]지음","틈새책방","2017","9791195976041","","0","","309.128","1","0","2018-01-10",
"351","엄마의 말공부:기적 같이 공부 습관이 달라지는 작은 말의 힘","이임숙 지음","카시오페아","2015","9791185952222","","1","2","378.9","1","6","2018-01-10",
"352","아기곰의 재테크 불변의 법칙","아기곰 지음","아라크네","2017","9791157745562","","1","","327.04","1","1","2018-01-10",
"353","사이코패스는 일상의 그늘에 숨어 지낸다:범죄심리학자 이수정과 프로파일러 김경옥의 프로파일링 노트","이수정;김경옥 [공]지음","제이콘텐트리 엠앤비","2016","9788964562222","","0","","364.45","1","6","2018-01-10",
"354","공부 공부:자기를 돌보는 방법을 어떻게 배울 것인가","엄기호 지음","따비","2017","9788998439361","","0","","370.4","1","2","2018-01-10",
"355","아홉 살 첫사랑","히코 다나카 글;요시타케 신스케 그림;유문조 옮김","스콜라","2017","9788962478723","","7","","833.8","1","4","2018-01-10",
"356","삼백이의 칠일장","천효정 글;최미란 그림","문학동네","2014","9788954623759","","7","2","813.8","1","3","2018-01-10",
"357","삼백이의 칠일장","천효정 글;최미란 그림","문학동네","2014","9788954623742","","7","1","813.8","1","6","2018-01-10",
"358","과학자 에이다의 대단한 말썽","안드레아 비티 글;데이비디 로버츠 그림;김혜진 옮김","천개의바람","2017","9791187287322","","7","","843","1","9","2018-01-10",
"359","겁보 만보","김유 글;최미란 그림","책읽는곰","2015","9791185564333","","7","","813.8","1","5","2018-01-10",
"360","욕 시험","박선미 글;장경혜 그림","보리","2009","9788984285934","","7","","813.8","1","1","2017-09-05",
"361","컬러보이=Color boy:손서은 장편동화","손서은 글;소윤경 그림","비룡소","2014","9788949121604","","7","","813.8","1","3","2017-09-05",
"362","우리의 미니멀 생활 일기 ","SE 편집부 엮음;오연경 옮김","미메시스","2017","9791155351055","","0","","595.4","1","4","2017-07-26",
"363","소문난 반찬가게 인기 레시피 ","채움반찬 [외]지음;김덕창;박형인 [공]사진","헬스조선","2016","9791158461263","","1","","594.5","1","4","2017-07-26",
"364","호모 데우스 :미래의 역사 ","유발 하라리 지음;김명주 옮김","김영사","2017","9788934977841","","0","","331.544","1","6","2017-07-26",
"365","보노보노처럼 살다니 다행이야 ","김신회 지음","다산북스","2017","9791130611853","","0","","818","1","8","2017-07-26",
"366","간질간질 ","서현 글·그림","사계절","2017","9791160940688","","7","","813.8","1","1","2017-07-26",
"367","왜냐면… ","안녕달 글·그림","책읽는곰","2017","9791158360382","","7","","813.8","1","6","2017-07-26",
"368","감기 걸린 물고기 :박정섭 그림책 ","박정섭 글·그림","사계절","2016","9788958284482","","7","","813.8","1","9","2017-07-26",
"369","장래 희망이 뭐라고? ","전은지 글;김재희 그림","책읽는곰","2017","9791158360399","","7","","813.8","1","4","2017-07-26",
"370","추리 천재 엉덩이 탐정 ","트롤 글·그림;김정화 옮김","미래엔","2016","9788937853470","9788937838781","7","2","833.8","1","2","2017-07-26",
"371","왜 맞춤법에 맞게 써야 돼? ","박규빈 글·그림","길벗어린이","2017","9788955823875","","7","","711","1","9","2017-07-26",
"372","판다 목욕탕 ","투페라 투페라 지음;김효묵 옮김","노란우산","2014","9788963056852","","1","","833.8","1","5","2017-07-26",
"373","헛다리 너 형사 :장수민 동화 ","장수민 지음;정가애 그림","창비","2017","9788936451479","","7","","813.8","1","6","2017-07-26",
"374","변신 돼지 ","박주혜 글;이갑규 그림","비룡소","2017","9788949161945","","7","264","808.9","1","9","2017-07-26",
"375","아홉 살 마음 사전 ","박성우 글;김효은 그림","창비","2017","9788936447014","","7","","181.71","1","2","2017-07-26",
"376","(영어 앞에서 당당한 아이를 만드는 새벽달의)엄마표 영어 17년 보고서 ","새별달(남수진) 지음","청림출판","2016","9788997195916","","1","","740.7","1","2","2017-07-26",
"377","못 참는 아이 욱하는 부모 :분노조절장애의 시대를 사는 대한민국 부모에게 주는 육아 멘토 오은영 박사의 감정 조절 육아법 ","오은영 지음","대성 Korea.com","2016","9788997396658","","1","","598.1","1","7","2017-07-26",
"378","햇빛마을 아파트 동물원 :정제광 장편동화 ","정제광 글;국민지 그림","창비","2017","9788936442880","","7","","813.8","1","7","2017-07-26",
"379","세계 나라 사전 =World picture dictionary ","PIE International 편;테츠카 아케미 그림;타카모리 마쓰미 옮김","사계절","2017","9788958288060","","7","","980","1","1","2017-07-26",
"380","나는 지하철입니다","김효은 글·그림","문학동네","2016","9788954642491","","7","","813.8","1","5","2016-12-06",
"381","이게 정말 천국일까?","요시타케 신스케 글·그림;고향옥 옮김","주니어김영사","2016","9788934975311","","7","","833.8","1","4","2016-12-06",
"382","벗지 말걸 그랬어","요시타케 신스케 글·그림;유문조 옮김","스콜라(위즈덤하우스)","2016","9788962477207","","7","","833.8","1","4","2016-12-06",
"383","행복을 나르는 버스","맷 데 라 페냐 글;크리스티앙 로빈슨 그림;김경미 옮김","비룡소","2016","9788949112657","","7","","843","1","1","2016-12-06",
"384","할머니의 여름휴가:안녕달 그림책","안녕달 지음","창비","2016","9788936454951","","7","","813.8","1","5","2016-12-06",
"385","여우비빔밥","김주현 글 ;이갑규 그림","마루벌","2016","9788956635736","","7","","813.8","1","2","2016-12-06",
"386","거짓말","카트린 그리브 글;프레데리크 베르트랑 그림;권지현 옮김","씨드북","2016","9791185751979","","7","","863","1","5","2016-12-06",
"387","(한 권으로 끝내는)종이접기","주부의벗사 편집;김정화 옮김","길벗스쿨","2016","9788962228960","","1","","634.9","1","4","2016-12-06",
"388","의자 뺏기","박하령 지음","살림출판사","2015","9788952230683","","4","","813.6","1","3","2016-12-06",
"389","영웅이도 영웅이 필요해","윤해연 글;신민재 그림","대교","2015","9788939556041","","7","","813.8","1","4","2016-12-06",
"390","싸이퍼=Cypher:탁경은 장편소설","탁경은 지음","사계절","2016","9788958283799","","4","","813.6","1","2","2016-12-06",
"391","그림 속에는 뚱보들이 산다","조혜미 글;김주경 그림","교학사","2016","9788909193764","","7","","813.8","1","11","2016-12-06",
"392","쓸 만한 인간:박정민 산문집","박정민 지음","상상출판","2016","9791186517949","","0","","818","1","3","2016-12-06",
"393","설민석의 조선왕조실록:대한민국이 선택한 역사 이야기","설민석 지음","세계사","2016","9788933870693","","0","","911.04","1","9","2016-12-06",
"394","일본어 무작정 따라하기=Japanese conversation","후지이 아사리 지음","길벗이지톡","2014","9788960478848","","0","","737.4","1","0","2016-12-06",
"395","우리말 절대지식:천만년을 버텨갈 우리 속담의 품격","김승용 지음","동아시아","2016","9788962621617","","9","","714.4","1","0","2016-12-06",
"396","빨강머리 앤이 하는 말:아직 너무 늦지 않았을 우리에게:백영옥 에세이","백영옥 지음","arte(아르테)","2016","9788950965693","","0","","814.6","1","5","2016-12-06",
"397","오베라는 남자=(A)man called Ove:프레드릭 배크만 장편소설","프레드릭 배크만 지음;최민우 옮김","다산북스","2015","9791130605210","","0","","859.7","1","10","2016-06-23",
"398","수박 수영장:안녕달 그림책","안녕달 지음","창비","2015","9788936446819","","7","","813.8","1","16","2016-06-23",
"399","콩가면 선생님이 웃었다","윤여림 글;김유대 그림","천개의바람","2016","9788997984930","","7","","813.8","1","3","2016-06-23",
"400","책으로 똥을 닦는 돼지","최은옥 글;오정택 그림","김영사","2015","9788934993407","","7","","813.8","1","12","2016-06-23",
"401","세상에서 가장 힘이 센 말","이현정 글;박재현 그림","맹&앵","2012","9788994198156","","7","","813.8","1","5","2016-06-23",
"402","(10대를 위한)정의란 무엇인가:하버드대 마이클 샌델 교수의 정의 수업","마이클 샌델 원저;신현주 글;조혜진 그림","미래엔","2014","9788937886966","","7","","340.1","1","5","2016-06-23",
"403","이게 정말 사과일까?","요시타케 신스케 글·그림;고향옥 옮김","김영사","2014","9788934968726","","7","","833.8","1","5","2016-06-23",
"404","백종원이 추천하는 집밥 메뉴 54","백종원 지음;김철환;장봉영 [공]사진","서울문화사","2016","9788926396858","","1","","594.51","1","4","2016-06-23",
"405","엄마의 말 공부:기적 같은 변화를 불러오는 작은 말의 힘","이임숙 지음","카시오페아","2015","9791185952123","","1","1","378.9","1","9","2016-06-23",
"406","딸에게 주는 레시피:공지영 에세이","공지영 지음;이장미 그림","한겨레출판","2015","9788984319097","","0","","814.6","1","9","2016-06-23",
"407","(욕쟁이 요리 블로거 당근정말시러의)맛 보장 가정식 레시피","당근정말시러 지음","빛날희","2015","9791195655502","","1","","594.5","1","3","2016-06-23",
"408","(기대를 현실로 바꾸는)혼자 있는 시간의 힘","사이토 다카시 지음;장은주 옮김","위즈덤하우스","2015","9788960868434","","0","","325.04","1","3","2016-06-23",
"409","유시민의 글쓰기 특강","유시민 지음","아름다운사람들","2015","9788965133520","","0","","802","1","5","2016-06-23",
"410","죽음의 먼지가 내려와요","김수희 글;이경국 그림","미래M&B","2015","9788983947833","","7","","539.9","1","4","2016-04-05",
"411","지옥탕","손지희 글·그림","책읽는곰","2011","9788993242409","","7","","813.8","1","3","2016-04-05",
"412","호랑이 심장","조대현 글·그림","가치창조","2016","9788963011233","","7","","813.8","1","4","2016-04-05",
"413","지적 대화를 위한 넓고 얕은 지식","채사장 지음","한빛비즈","2014","9788994120966","","1","","031","1","6","2016-03-23",
"414","팥죽 할멈과 호랑이","소중애 글;금정한 그림","비룡소","2014","9788949101293","","","","388.311","1","0","2016-03-23",
"415","앵무새 돌려주기 대작전:임지윤 장편동화","임지윤 지음;조승연 그림","창비","2015","9788936442767","","7","","813.8","1","7","2016-03-15",
"416","슈퍼 거북","유설화 글·그림","책읽는곰","2015","9788993242980","","7","","813.8","1","10","2016-03-15",
"417","기억 전달자","로이스 로리 글;장은수 옮김","비룡소","2012","9788949120744","","4","","843","1","6","2016-03-15",
"418","(엄마랑 아이랑 신 나게 노는)꼬물 꼬물 손가락 창의 미술","로사 M. 쿠르토 글·그림;장선하 옮김","그린북","2013","9788955882520","","6","","650.7","1","1","2015-12-15",
"419","(스타트)초등 영단어","천정화 엮음","비타민북","2010","9788992683319","","1","","744","1","6","2015-12-15",
"420","공룡을 그려보자=How to draw dinosaurs","김충원 지음","진선출판사","2015","9788972219095","","6","","650","1","2","2015-12-15",
"421","안전을 책임지는 사람들","홍기운 글;이유정 그림","계림북스","2015","9788953330641","","7","","336.24","1","2","2015-12-15",
"422","영웅이도 영웅이 필요해","윤해연 글;신민재 그림","대교","2015","9788939556041","","7","","813.8","1","5","2015-12-15",
"423","이게 정말 나일까?","요시타케 신스케 글·그림;김소연 옮김","김영사","2015","9788934971634","","7","","833.8","1","11","2015-12-15",
"424","스무 살:김연수 소설","김연수 지음","문학동네","2015","9788954637046","","0","","813.6","1","3","2015-12-15",
"425","종이달:가쿠다 미쓰요 장편소설","가쿠다 미쓰요 지음;권남희 옮김","위즈덤하우스","2014","9788959138524","","0","","833.6","1","7","2015-12-15",
"426","모두 깜언:김중미 장편소설","김중미 지음","창비","2015","9788936456641","","4","","813.6","1","2","2015-12-15",
"427","몬드리안을 본 적이 있니?:추상 회화의 선구자 피트 몬드리안이 만난 세상","알렉산드로 산나 글·그림;이현경 옮김","톡","2015","9788961556415","","7","","650.99","1","1","2015-12-15",
"428","생태 통로:인간이 만든 동물의 길","김황 글;안은진 그림","논장","2015","9788984142411","","7","","813.8","1","4","2015-12-15",
"429","아빠, 나한테 물어봐","버나드 와버 글;이수지 그림·옮김","비룡소","2015","9788949113609","","7","","843","1","5","2015-12-15",
"430","된장찌개","천미진 글;강은옥 그림","키즈엠","2015","9788967494162","","7","","813.8","1","4","2015-12-15",
"431","나의 영웅, 대디맨","미야니시 타츠야 글·그림;송소영 옮김","달리","2015","9788959982912","","7","","833.8","1","4","2015-12-15",
"432","(봄 여름 가을 겨울)숲 유치원","한영식 지음;류은형 그림","진선출판사","2015","9788972219170","","7","","471","1","1","2015-12-15",
"433","운석은 어떻게 박물관에 갔을까?","제시 하틀랜드 글·그림;최용은 옮김","키즈엠","2014","9788967492335","","7","","843","1","1","2015-12-15",
"434","라면을 끓이며:먹고산다는 것의 안쪽을 들여다보는 비애","김훈 지음","문학동네","2015","9788954637770","","0","","814.6","1","5","2015-12-15",
"435","애프터 다크:무라카미 하루키 장편소설","무라카미 하루키 지음;권영주 옮김","비채","2015","9788934971627","","0","","833.6","1","1","2015-12-15",
"436","그믐, 또는 당신이 세계를 기억하는 방식:장강명 장편소설","장강명 지음","문학동네","2015","9788954637237","","0","","813.6","1","1","2015-12-15",
"437","개인주의자 선언:판사 문유석의 일상유감","문유석 지음","문학동네","2015","9788954637756","","0","","304","1","2","2015-12-15",
"438","재테크의 여왕:부자의 첫 걸음","성선화 지음;박지연 일러스트;필립 포토","청림출판","2015","9788935210428","","1","","327.04","1","11","2015-12-15",
"439","냉장고를 부탁해:Best recipe book","JTBC <냉장고를 부탁해> 제작팀 지음","중앙북스","2015","9788927806837","","1","","594.5","1","0","2015-12-15",
"440","태초먹거리:기본이 회복되어야 한다","이계호 지음","그리심어소시에이츠","2013","9788996566779","","1","","517.5","1","2","2015-12-15",
"441","패브릭 손뜨개=Fabric knitting:쉽고 빠르게 사계절 내내 만드는 패션 ＆ 인테리어 소품","김인영 지음;배현주 [도안삽화];박형주 사진","한빛라이프","2015","9791185933146","","1","","592.27","1","4","2015-12-15",
"442","버스 타고 주말 여행:누구나 쉽게 따라하는 셀프 여행법","안혜연 글·사진","시공사","2015","9788952773470","","1","","981.102","1","0","2015-12-15",
"443","곰아, 자니?","조리 존 글;벤지 데이비스 그림;이순영 옮김","북극곰","2015","9788997728671","","7","","843","1","2","2015-07-02",
"444","민들레는 민들레","김장성 글;오현경 그림","이야기꽃","2014","9788998751074","","7","","813.8","1","0","2015-07-02",
"445","서로 꼭 껴안아!","마이크 스미스 글.그림;홍연미 옮김","사파리","2015","9791155092941","","7","","843","1","5","2015-07-02",
"446","바다 100층짜리 집","이와이 도시오 글.그림;김숙 옮김","북뱅크","2014","9788966350278","","7","","833.8","1","16","2015-07-02",
"447","(매일매일 두뇌 트레이닝) 간단 종이접기 대백과","주부의벗사 편집부 저;김수연 옮김","아르고나인","2011","9788997227099","","","","634.9","1","9","2015-07-02",
"448","재미있는 내 얼굴","니콜라 스미 글.그림;마술연필 옮김","보물창고","2014","9788961703567","","7","","843","1","2","2015-07-02",
"449","세상의 많고 많은 초록들","로라 바카로 시거 글.그림;김은영 옮김","다산기획","2014","9788979380859","","7","","472.543","1","1","2015-07-02",
"450","처음 만나는 공공장소","권재원 지음","창비","2014","9788936446505","","7","","385","1","4","2015-07-02",
"451","지구가 100명의 마을이라면","데이비드 스미스 지음;셸라 암스트롱 그림;노경실 옮김","푸른숲","2011","9788971846629","","7","","330","1","4","2015-07-02",
"452","공작도감:장난감을 만들며 놀자!","기우치 가쓰 글;기우치 가쓰;다나카 고야 그림;김창원 옮김","진선출판사","2010","9788972216575","","7","","634.9","1","2","2015-07-02",
"453","짜증방","소중애 글;방새미 그림","거북이북스","2014","9788966071005","","7","","813.8","1","6","2015-07-02",
"454","어느 날 구두에게 생긴 일","황선미 지음;신지수 그림","비룡소","2014","9788949121598","","7","","813.8","1","14","2015-07-02",
"455","위를 봐요!","정진호 글.그림","현암사","2014","9788932373706","","7","","813.8","1","2","2015-07-02",
"456","그래요 씨와 아니요 씨:도둑을 잡아라","카리 스타이 글.그림;최소영 옮김","어썸월드","2012","9791157490998","","7","","859.82","1","4","2015-07-02",
"457","깜박깜박 도깨비","권문희 글.그림","사계절출판사","2014","9788958287551","","7","","388.311","1","6","2015-07-02",
"458","901호 띵똥 아저씨","이욱재 글.그림","노란돼지","2014","9788994975368","","7","","813.8","1","10","2015-07-02",
"459","사람의 멍에:홍상화 소설","홍상화 지음","한국문학사","2015","9788987527406","","0","","813.6","1","3","2015-07-02",
"460","소년이 온다:한강 장편소설","한강 지음","창비","2014","9788936434120","","0","","813.6","1","11","2015-07-02",
"461","이토록 공부가 재미있어지는 순간:공부에 지친 청소년들을 위한 힐링 에세이","박성혁 지음","다산북스","2015","9791130604626","","1","","373","1","6","2015-07-02",
"462","(어른을 일깨우는) 아이들의 위대한 질문","제마 엘윈 해리스 엮음;김희정 옮김","부키","2015","9788960514706","","0","","030","1","0","2015-07-02",
"463","싱커","배미주 지음","창비","2010","9788936433758","","0","","813.6","1","1","2015-07-02",
"464","미움받을 용기:자유롭고 행복한 삶을 위한 아들러의 가르침","기시미 이치로 외 지음;전경아 옮김","인플루엔셜","2014","9788996991342","","1","","189","1","12","2015-07-02",
"465","(책 한 권이 통째로 복사되는) 7번 읽기 공부법","야마구치 마유 지음;류두진 옮김","위즈덤하우스","2015","9788960868007","","1","","373.4","1","9","2015-07-02",
"466","잠수네 초등 1, 2학년 공부법:영어.수학.국어","이신애 지음","RHK(알에이치코리아)","2015","9788925555553","","7","","373.4","1","13","2015-07-02",
"467","프랑스 아이처럼:아이, 엄마, 가족이 모두 행복한 프랑스식 육아","파멜라 드러커맨 지음;이주혜 옮김","북하이브","2013","9788928615360","","0","","598.1","1","5","2015-07-02",
"468","개구리 왕자 그 뒷 이야기","존 셰스카 글;스티브 존슨 그림;엄혜숙 옮김","보림출판사","2011","9788943302252","","7","","843","1","7","2014-10-29",
"469","삐악 삐악 숲 속 놀이동산","쿠도 노리코 글·그림;한라경 옮김","책내음","2014","9788997357550","","7","","833.8","1","1","2014-10-29",
"470","손가락 문어","구세 사나에 글·그림;이기웅 옮김","길벗어린이","2014","9788955822892","","7","","833.8","1","7","2014-10-29",
"471","행복한 ㄱㄴㄷ","최숙희 지음","웅진씽크빅","2014","9788901163154","","7","","375.1","1","2","2014-10-29",
"472","내 이름은 제동크","한지아 글·그림","풀과바람","2014","9788983895295","","7","","813.8","1","1","2014-10-29",
"473","(유경이의 꿈을 찾아가는)세계 자연사 박물관 여행","송기원;조유경 [공]지음","꼬마이실","2014","9788931381603","","0","","069.2","1","0","2014-10-29",
"474","세계여행 역사여행 : 이집트","K&C","북마인(연림북스)","2006","9788991700116","","","8","980.2","1","0","2014-06-28",
"475","으랏차차 뚱보클럽:전현정 장편동화","전현정 글씀;박정섭 그림","비룡소","2013","9788949121482","","7","","813.8","1","7","2014-06-28",
"476","내가 나라를 만든다면","밸러리 와이어트 지음;장선하 옮김;프레드 릭스 그림","토토북","2013","9788964961711","","0","","331.5","1","2","2014-06-28",
"477","금지어 시합","임근희 글;정세라 그림","좋은책신사고 좋은책어린이","2013","9788928307852","","0","","813.8","1","28","2014-04-22",
"478","보이니? 명화 속 숨은 마음","김주영 지음;토끼도둑 일러스트","낮은산","2013","9791155250013","","7","","650.4","1","2","2014-04-22",
"479","공장 견학 그림책:빵에서 전기까지","앨드른 왓슨 글·그림;이향순 옮김","북뱅크","2012","9788966350100","","7","","530.9","1","8","2014-04-22",
"480","꿀벌이 없어지면 딸기를 못 먹는다고?","김황 글;최현정 그림","창비","2012","9788936446284","","7","","495.8","1","3","2014-04-22",
"481","아빠 만날 준비됐니?","김영미 글;황정하 그림","시공사","2012","9788952764041","","7","","813.8","1","16","2014-04-22",
"482","동물이랑 식물이 같다고요?!","노정임 글;안경자 그림","현암사","2013","9788932373447","","7","","472","1","9","2014-04-22",
"483","(어린이와 청소년을 위한) 다문화 백과사전:혼자보다 우리가 똑똑하다","채인선 지음","한권의책","2012","9788996877745","","4","","331.5","1","1","2014-04-22",
"484","(외교관 아빠가 들려주는) 외교 이야기","정기종 글;임익종 그림","토토북","2012","9788964960929","","7","","349","1","2","2014-04-22",
"485","(어린이와 청소년을 위한) 소녀소년 평등 탐구생활","양해경 글;권송이 그림","파란자전거","2013","9788994258553","","7","","337.2","1","2","2014-04-22",
"486","천 원은 너무해!","전은지 글;김재희 그림","책읽는곰","2012","9788993242584","","7","","813.8","1","32","2014-04-22",
"487","나의 첫 인생 수업:아빠와 나눈 17가지 공감 대화","모리 히로미 글;김정은 그림;김난주 옮김","미래엔","2012","9788937835438","","7","","199","1","1","2014-04-22",
"488","섬소년","이정아 지음;박건웅 그림","해와나무","2013","9788962681062","","7","","813.8","1","10","2014-04-22",
"489","(일곱 빛깔) 독도 이야기","황선미 글;우지현 그림","조선에듀케이션","2012","9788966660360","","7","","813.8","1","5","2014-04-22",
"490","미움 일기장","장희정 글;최정인 그림","위즈덤하우스","2013","9788962474046","","7","","813.8","1","24","2014-04-22",
"491","율리시스 무어","피에르도메니코 바칼라리오 지음;이현경 옮김","웅진씽크빅","2006","9788901062518","9788901057774","","5","883","1","0","2014-01-16",
"492","사료를 드립니다","이금이 지음","푸른책들","2012","9788957983041","","7","","813.8","1","2","2014-01-16",
"493","마사코의 질문:손연자 동화집","손연자 지음;김재홍 그림","푸른책들","2009","9788957981856","","7","","813.8","1","8","2014-01-16",
"494","길모퉁이 행운돼지","김종렬 글;김숙경 그림","다림","2012","9788987721866","","7","","813.8","1","5","2014-01-16",
"495","불안한 엄마 무관심한 아빠","오은영 지음","웅진씽크빅","2011","9788901122816","","1","","598.1","1","0","2014-01-16",
"496","할머니의 사라지는 기억","도로테 피아테크 글;마리 데봉 그림;문신원 옮김","책단배","2010","9788996360957","","7","","863","1","1","2014-01-16",
"497","(지도 없이 떠나는 101일간의)음식의 세계사","박영수 글;노기동 그림","영교출판","2011","9788983894786","","7","","381.75","1","0","2014-01-16",
"498","엄마 사용법","김성진 지음;김중석 그림","창비","2012","9788936451332","","7","","813.8","1","16","2014-01-16",
"499","새앙쥐와 태엽쥐","레오 리오니 글·그림;이명희 옮김","마루벌","2008","9788956632179","","7","","843","1","1","2014-01-16",
"500","자전거 도둑","박완서 글;방민호 논술;최용선 그림","대한교과서","2007","9788937842993","","7","","813.6","1","6","2014-01-16",
"501","(찰리와 롤라)숫자 놀이","로렌 차일드 지음","국민서관","2008","9788911027286","","7","","843","1","3","2014-01-16",
"502","레전드, 배철수의 음악캠프 20년 그리고 100장의 음반","배철수;배순탁 [공]지음","위즈덤하우스","2010","9788959134267","","0","","673.53","1","0","2014-01-16",
"503","초록 눈 코끼리","강정연 글;백대승 그림","푸른숲","2011","9788971846520","","7","","813.8","1","4","2014-01-16",
"504","잘못 뽑은 반장","이은재 글;서영경 그림","김영사","2010","9788934933700","","7","","813.8","1","19","2014-01-16",
"505","해리엇","한윤섭 글;서영아 그림","문학동네","2011","9788954615044","","7","","813.8","1","3","2014-01-16",
"506","너무 친한 친구들:넬레 노이하우스 장편소설","넬레 노이하우스 지음;김진아 옮김","북로드","2011","9788991239739","","0","","853","1","5","2014-01-16",
"507","프린들 주세요","앤드루 클레먼츠 글;햇살과나무꾼 옮김;양혜원 그림","사계절출판사","2011","9788971968345","","7","","843","1","23","2014-01-16",
"508","책과 노니는 집","이영서 글;김동성 그림","문학동네","2010","9788954607346","","7","","813.8","1","22","2014-01-16",
"509","타샤의 열두 달","타샤 튜더 글·그림;공경희 옮김","윌북","2010","9788991141551","","7","","843","1","1","2014-01-16",
"510","소나기밥 공주:이은정 장편동화","이은정 지음;정문주 그림","창비","2010","9788936442491","","7","","813.8","1","15","2014-01-16",
"511","샬롯의 거미줄","엘윈 브룩스 화이트 글;가스 윌리엄즈 그림;김화곤 옮김","시공사","2011","9788952709530","","7","","843","1","6","2014-01-16",
"512","구름빵","백희나 글·그림;김향수 빛그림","한솔교육","2006","9788953527058","","7","","813.8","1","4","2014-01-16",
"513","왠지 시무룩한 날","리사 얀클로우 글·그림;노은정 옮김","에스오디커뮤니케이션","2007","9788991780354","","7","","843","1","3","2014-01-16",
"514","임금님 집에 예쁜 옷을 입혀요","무돌 글·그림","노란돼지","2010","9788996359739","","7","","813.8","1","3","2014-01-16",
"515","날고 싶어!","올리버 제퍼스 글·그림;이승숙 옮김","아름다운사람들","2011","9788965130826","","7","","843","1","5","2014-01-16",
"516","황금 사과","송희진 글·그림;이경혜 옮김","뜨인돌어린이","2010","9788993963120","","7","","863","1","2","2014-01-16",
"517","아모스와 보리스","윌리엄 스타이그 글·그림;우미경 옮김","시공사","2011","9788972593010","","7","","843","1","6","2014-01-16",
"518","고릴라","앤터니 브라운 지음;장은수 옮김","비룡소","2011","9788949110486","","7","","843","1","3","2014-01-16",
"519","뻔뻔한 실수:황선미 동화","황선미 동화;김진화 그림","창비","2010","9788936451271","","7","","813.8","1","8","2014-01-16",
"520","상실의 시대","무라카미하루키 지음;유유정 옮김","문학사상사","","9788970120157","","","","813.6","1","3","2014-01-16",
"521","갯벌에 뭐가 사나 볼래요","도토리 기획;이원우 그림","보리","2010","9788984280625","","7","","454.05","1","6","2014-01-16",
"522","백설공주에게 죽음을:넬레 노이하우스 장편소설","넬레 노이하우스 지음;김지아 옮김","북로드","2011","9788991239685","","0","","853","1","8","2014-01-16",
"523","완득이:김려령 장편소설","김려령 지음","창비","2011","9788936433635","","0","","813","1","10","2014-01-16",
"524","똥이랑 ㄱㄴㄷ","4차원 기획·구성;정지은 그림","개똥이책","2009","9788995503775","","7","","375.1","1","2","2014-01-16",
"525","(깃털 없는 기러기)보르카","존 버닝햄 글·그림;엄혜숙 옮김","비룡소","2009","9788949110165","","7","","843","1","9","2014-01-16",
"526","피튜니아, 여행을 떠나다","로저 뒤봐젱 글·그림;서애경 옮김","시공사","2010","9788972592037","","7","","843","1","3","2014-01-16",
"527","우와! 신기한 사탕이다","미야니시 타츠야 글·그림;계일 옮김","계수나무","2009","9788989654575","","7","","833.8","1","12","2014-01-16",
"528","그리미의 꿈","레오 리오니 글·그림;김서정 옮김","마루벌","2008","9788956632490","","7","","843","1","2","2014-01-16",
"529","수상한 초콜릿","장 알레상드리니 글;장 루이 베송 그림;이정주 옮김","김영사","2010","9788934940012","","7","","863","1","21","2014-01-16",
"530","아이의 식생활","EBS 아이의 밥상 제작팀 지음","지식채널","2010","9788952758019","","1","","517.52","1","0","2014-01-16",
"531","(아기가 잘 먹는)이유식은 따로 있다:파워블로거 마더스고양이의 체험 이유식 실전서","김정미 지음","레시피팩토리","2010","9788996347200","","1","","594.62","1","3","2014-01-16",
"532","틱 톡, 일어나세요","앤드리어 어렌 글.그림;서애경 옮김","꿈교출판사","2012","9788996718314","","7","","843","1","2","2014-01-16",
"533","화각 삼층장 이야기","지혜라 글·그림","보림출판사","2011","9788943308834","","7","","634","1","0","2014-01-16",
"534","돈으로 살 수 없는 것들:무엇이 가치를 결정하는가","마이클 샌델 지음;안기순 옮김","미래엔","2012","9788937833663","","0","","193","1","1","2014-01-16",
"535","7년의 밤:정유정 장편소설","정유정 지음","은행나무","2011","9788956604992","","0","","813.6","1","6","2014-01-16",
"536","두근두근 내 인생:김애란 장편소설","김애란 지음","창비","2011","9788936433871","","0","","813.6","1","4","2014-01-16",
"537","빨간 매미","후쿠다 이와오 지음;한영 옮김","책읽는곰","2008","9788993242003","","7","","833.8","1","8","2014-01-16",
"538","초강력 아빠 팬티:세상에서 가장 위대한 아빠 이야기","타이-마르크 르탄 지음;비루 그림;이주희 옮김","아름다운사람들","2010","9788965130321","","7","","863","1","19","2014-01-16",
"539","동물농장","조지 오웰 지음;손영도 옮김","고려대학교 출판부","2008","9788976416599","","0","7","808","1","3","2014-01-16",
"540","불량한 자전거 여행","김남중 지음;허태준 그림","창비","2009","9788936442507","","7","","813.8","1","4","2014-01-16",
"541","사과가 쿵！","다다 히로시 지음;정근 옮김","보림출판사","2007","9788943306090","","7","","833.8","1","2","2014-01-16",
"542","땅은 엄마야:이금이 창작동화","이금이 지음;한지희 그림","푸른책들","2012","9788957980583","","7","","813.8","1","5","2014-01-16",
"543","대머리 사막","박경진 글·그림","미세기","2010","9788980712533","","7","","813.8","1","4","2014-01-16",
"544","87년 6월 항쟁","김원 지음","책세상","2009","9788970137285","","0","","331.5","1","0","2014-01-16",
"545","68운동","이성재 지음","책세상","2009","9788970137292","","0","","301.09","1","0","2014-01-16",
"546","적을 만들지 않는 대화법:사람을 얻는 마법의 대화 기술 56","샘 혼 지음;이상원 옮김","갈매나무","2008","9788995932582","","0","","802.54","1","4","2014-01-16",
"547","(어린 과학자를 위한)몸 이야기","권오길 지음 ;김호민 그림","봄나무","2005","9788995625033","","","","511.1","1","4","2014-01-16",
"548","엄마수업","법륜 지음;이순형 그림","한겨례출판","2011","9788984315112","","0","","598.1","1","3","2014-01-16",
"549","찬다 삼촌","윤재인 글;오승민 그림","느림보","2012","9788958761365","","7","","813.8","1","6","2014-01-16",
"550","세븐 센스=(The)Seventh sense","정철 지음","황금가지","2010","9788960170452","","0","","814.6","1","3","2014-01-16",
"551","정의란 무엇인가","마이클 샌델 지음;이창신 옮김","김영사","2010","9788934939603","","0","","340.1","1","1","2014-01-16",
"552","으뜸 헤엄이","레오 리오니 글.그림;이명희 옮김","마루벌","2008","9788956631981","","7","","843","1","5","2014-01-16",
"553","우리는 친구","앤서니 브라운 글·그림;장미란 옮김","웅진씽크빅","2008","9788901074405","","7","","843","1","0","2014-01-16",
"554","싫어요 몰라요 그냥요","이금이 글;최정인 그림","푸른책들","2010","9788961701068","","7","","813.8","1","8","2014-01-16",
"555","건지 감자껍질파이 북클럽","메리 앤 섀퍼;애니 배로스 [공] 지음 ;신선해 옮김","이덴슬리벨","2010","9788991310278","","0","","843","1","6","2014-01-16",
"556","오리야 토끼야","에이미 크루즈 로젠탈 글;탐 리히텐헬드 그림;서연 옮김","아이맘","2010","9788996281610","","7","","843","1","2","2014-01-16",
"557","나쁜 사마리아인들","장하준 지음;이순희 옮김","부키","2007","9788960510197","","0","","320.4","1","0","2014-01-16",
"558","손 큰 할머니의 만두 만들기","채인선 글;이억배 그림","재미마주","2008","9788986565065","","7","","813","1","3","2014-01-16",
"559","난지도가 살아났어요","이명희 글;박재철 그림","마루벌","2009","9788956632889","","7","","813.8","1","10","2014-01-16",
"560","나니아 나라 이야기","C. S. 루이스 글;폴린 메인즈 그림;햇살과나문꾼 옮김","시공주니어","2006","9788952723215","","","9","808.9","1","0","2014-01-16",
"561","그런데요, 생태계가 뭐예요?","김성화;권수진 [공]글;조위라 그림","토토북","2011","9788990611666","","7","","472.5","1","3","2014-01-16",
"562","토지","박경리 지음","나남출판","2005","9788930007214","9788930007221","","21","813.6","1","2","2014-01-16",
"563","토지","박경리 지음","나남출판","2005","9788930007207","9788930007221","","20","813.6","1","2","2014-01-16",
"564","토지","박경리 지음","나남출판","2002","9788930007191","9788930007221","","19","813.6","1","2","2014-01-16",
"565","토지","박경리 지음","나남출판","2005","9788930007184","9788930007221","","18","813.6","1","3","2014-01-16",
"566","토지","박경리 지음","나남출판","2005","9788930007177","9788930007221","","17","813.6","1","3","2014-01-16",
"567","토지","박경리 지음","나남출판","2002","9788930007160","9788930007221","","16","813.6","1","1","2014-01-16",
"568","토지","박경리 지음","나남출판","2002","9788930007153","9788930007221","","15","813.6","1","1","2014-01-16",
"569","토지","박경리 지음","나남출판","2002","9788930007146","9788930007221","","14","813.6","1","2","2014-01-16",
"570","토지","박경리 지음","나남출판","2002","9788930007139","9788930007221","","13","813.6","1","2","2014-01-16",
"571","토지","박경리 지음","나남출판","2002","9788930007122","9788930007221","","12","813.6","1","1","2014-01-16",
"572","토지","박경리 지음","나남출판","2002","9788930007115","9788930007221","","11","813.6","1","2","2014-01-16",
"573","토지","박경리 지음","나남출판","2005","9788930007108","9788930007221","","10","813.6","1","1","2014-01-16",
"574","이기적 유전자","리처드 도킨스 지음;홍영남 옮김","을유문화사","2007","9788932471112","","","","491.15","1","7","2014-01-16",
"575","토지","박경리 지음","나남출판","2002","9788930007054","9788930007221","","5","813.6","1","3","2014-01-16",
"576","토지","박경리 지음","나남출판","2005","9788930007047","9788930007221","","4","813.6","1","4","2014-01-16",
"577","토지","박경리 지음","나남출판","2005","9788930007030","9788930007221","","3","813.6","1","5","2014-01-16",
"578","장길산","황석영 글;김세현 그림","책이있는마을","2004","9788956390383","9788956390376","","1","813.6","1","1","2014-01-16",
"579","아침 햇살이 담긴 팬케이크","조나단 런던 글;브라이언 카라스 그림;남경완 옮김","비룡소","","9788949111667","","","","843","1","0","2014-01-16",
"580","겁쟁이 빌리","앤터니 브라운 [글·그림];김경미 옮김","비룡소","","9788949111636","","","","843","1","8","2014-01-16",
"581","(검피 아저씨의)뱃놀이","존 버닝햄 글;이주령 옮김","시공사","","9788972593751","","","","843","1","2","2014-01-16",
"582","화가 나는 건 당연해!:화를 슬기롭게 다루는 법","미셸린느 먼디 글;R. W. 앨리 그림;노은정 옮김","비룡소","2007","9788949130910","","7","","843","1","3","2014-01-16",
"583","사랑해 모두모두 사랑해","매리언 데인 바우어 글;처치 그림;신형건 옮김","푸른책들","2009","9788961701020","","7","","843","1","1","2014-01-16",
"584","우리 형","앤서니 브라운 글·그림;허은미 옮김","웅진씽크빅","2007","9788901063027","","7","","843","1","1","2014-01-16",
"585","모모","미하엘 엔데 지음 ;한미희 옮김","비룡소","2008","9788949190020","","","","853","1","5","2014-01-16",
"586","들키고 싶은 비밀","황선미 지음;김유대 그림","창작과 비평사","2011","9788936451059","","7","","813.8","1","8","2014-01-16",
"587","괜찮아","최숙희 글·그림","웅진씽크빅","2007","9788901052922","","7","","813.8","1","4","2014-01-16",
"588","아낌없이 주는 나무:어른과 어린이가 보는 동화","쉘 실버스타인;김정우 옮김","예지원","2004","9788990566133","","","","843","1","4","2014-01-16",
"589","나니아 나라 이야기","C. S. 루이스 글;폴린 베인즈 그림;햇살과나무꾼 옮김","시공주니어","2005","9788952723178","","","5","808.9","1","0","2014-01-16",
"590","나니아 나라 이야기","C. S. 루이스 글;폴린 베인즈 그림;햇살과나무꾼 옮김","시공주니어","2005","9788952723161","","","4","808.9","1","0","2014-01-16",
"591","나니아 나라 이야기","C. S. 루이스 글;폴린 베인즈 그림;햇살과나무꾼 옮김","시공사","2005","9788952723154","9788952723147","","3","808.9","1","0","2014-01-16",
"592","씨앗을 지키는 사람들","안미란 지음;윤정주 그림","창작과비평사","2009","9788936441920","","7","","813.8","1","3","2014-01-16",
"593","아빠와 아들","고대영 글;한상언 그림","길벗어린이","2007","9788955820720","","7","","813.8","1","3","2014-01-16",
"594","토지","박경리 지음","나남출판","2005","9788930007092","9788930007221","","9","813.6","1","1","2014-01-16",
"595","토지","박경리 지음","나남출판","2005","9788930007085","9788930007221","","8","813.6","1","1","2014-01-16",
"596","토지","박경리 지음","나남출판","2005","9788930007078","9788930007221","","7","813.6","1","1","2014-01-16",
"597","토지","박경리 지음","나남출판","2002","9788930007061","9788930007221","","6","813.6","1","1","2014-01-16",
"598","토지","박경리 지음","나남출판","2002","9788930007023","9788930007221","","2","813.6","1","5","2014-01-16",
"599","오만과 편견","제인 오스틴 지음;윤지관;전승희 [공]옮김","민음사","2006","9788937460883","","0","88","808","1","3","2014-01-16",
"600","참을 수 없는 존재의 가벼움","밀란 쿤데라 지음;이재룡 옮김","민음사","2009","9788937462344","","0","234","808","1","3","2014-01-16",
"601","내 동생 싸게 팔아요","임정자 글;김영수 그림","대한교과서","2007","9788937841668","","7","","813.8","1","17","2014-01-16",
"602","내 동생은 고릴라 입니다:방정화 그림책","방정화 지음","미세기","2009","9788980712502","","7","","813.8","1","4","2014-01-16",
"603","자전거, 도무지 헤어나올 수 없는 아홉 가지 매력","윤준호 [외] 지음","지성사","2009","9788978892001","","0","","698.97","1","0","2014-01-16",
"604","나니아 나라 이야기","C. S. 루이스 글;폴린 베인즈 그림;햇살과나무꾼 옮김","시공주니어","2005","9788952723208","","","8","808.9","1","0","2014-01-16",
"605","나니아 나라 이야기","C. S. 루이스 글;폴린 베인즈 그림;햇살과 나무꾼 옮김","시공주니어","2005","9788952723192","","","7","808.9","1","0","2014-01-16",
"606","나니아 나라 이야기","C. S. 루이스 글;폴린 베인즈 그림;햇살과나무꾼 옮김","시공주니어","2007","9788952723185","","","6","808.9","1","0","2014-01-16",
"607","호밀밭의 파수꾼","제롬 데이비드 샐린저 지음 ;공경희 옮김","민음사","2006","9788937460470","","","","843","1","2","2014-01-16",
"608","토지","박경리 지음","나남","2007","9788930007337","","3","3","813.6","1","3","2014-01-16",
"609","토지","박경리 저","나남출판","2008","9788930007313","","3","1","813.6","1","6","2014-01-16",
"610","우리문화박물지","이어령 지음","디자인하우스","2007","9788970419497","","","","380.911","1","0","2014-01-16",
"611","한 해 열두 달","레오 리오니 [글·그림];이명희 옮김","마루벌","","9788956630274","","","","843","1","0","2014-01-16",
"612","해골이 딸꾹","마저리 퀼러 글;S.D. 쉰들러 그림;엄희정 옮김","문학동네","","9788954602860","","","","843","1","3","2014-01-16",
"613","너도 하늘말나리야:이금이 장편동화","이금이 지음;송진헌 그림","푸른책들","2009","9788957981023","","7","","813.8","1","7","2014-01-16",
"614","우리 엄마","앤서니 브라운 글·그림;허은미 옮김","웅진씽크빅","2009","9788901047904","","7","","843","1","0","2014-01-16",
"615","규리 미술관","박철민 글·그림","키다리","2011","9788992365581","","7","","813.8","1","0","2014-01-16",
"616","지각대장 존","존 버닝햄 글·그림;박상희 옮김","비룡소","1999","9788949110073","","7","","843","1","10","2014-01-16",
"617","종이 봉지 공주","로버트 문치 글;마이클 마첸코 그림;김태희 옮김","비룡소","2009","9788949110479","","7","","843","1","10","2014-01-16",
"618","바람이 분다 당신이 좋다:이병률 여행산문집","이병률 지음","달출판사","2012","9788993928488","","0","","814.6","1","0","2014-01-16",
"619","터널","앤서니 브라운 글·그림;장미란 옮김","논장","2007","9788984140509","","7","","843","1","7","2014-01-16",
"620","터널 밖으로","바바라 레이드 지음;나희덕 옮김","국민서관","2007","9788911026593","","7","","843","1","2","2014-01-16",
"621","도둑을 잡아라!","박정섭 글·그림","시공사","2010","9788952757616","","7","","813.8","1","7","2014-01-16",
"622","눈물바다","서현 글·그림","사계절출판사","2009","9788958284055","","7","","813.8","1","7","2014-01-16",
"623","백만 년 동안 절대 말 안 해","허은미 글;김진화 그림","웅진씽크빅","2011","9788901124438","","7","","813.8","1","4","2014-01-16",
"624","몽실언니","권정생 지음;이철수 그림","창작과비평사","2007","9788936440145","","0","","813.8","1","17","2014-01-16",
"625","크리스마스 선물","존 버닝햄 글·그림;이주령 옮김","시공사","2007","9788972594161","","7","","843","1","6","2014-01-16",
"626","푸른 개 장발","황선미 글;김은정 그림","웅진씽크빅","2005","9788901050157","","","","813.8","1","0","2014-01-16",
"627","훨훨 간다","권정생 글;김용철 그림","국민서관","2010","9788911021406","","7","","388.311","1","3","2014-01-16",
"628","프레드릭","레오 리오니 글·그림;최순희 옮김","시공주니어","2010","9788952701930","","7","","843","1","8","2014-01-16",
"629","내 이름은 삐삐 롱스타킹","아스트리드 린드그렌 글;롤프 레티시 그림;햇살과나무꾼 옮김","시공사","2009","9788952709486","","7","","843","1","15","2014-01-16",
"630","피튜니아, 공부를 시작하다","로저 뒤봐젱 글·그림;서애경 옮김","시공사","2011","9788972592020","","7","","843","1","4","2014-01-16",
"631","용감한 아이린","윌리엄 스타이그 글·그림;김서정 옮김","웅진닷컴","2012","9788901031774","","7","","843","1","1","2014-01-16",
"632","날아라 슝슝 공","김용란 글;김유대 그림","웅진씽크빅","2010","9788901115061","","7","","695","1","0","2014-01-16",
"633","수학 귀신","한스 마그누스 엔첸스베르거 지음;로트라우트 수잔네 베르너 그림;고영아 옮김","비룡소","2011","9788949190013","","4","","410","1","3","2014-01-16",
"634","돼지가 한 마리도 죽지 않던 날","로버트 뉴턴 펙 지음;김옥수 옮김","사계절","2008","9788958280934","","4","","843","1","4","2014-01-16",
"635","여행의 기술:알랭 드 보통의 여행 에세이","알랭 드 보통 씀;정영목 옮김","이레","2004","9788957090268","","0","","844","1","1","2014-01-16",
